/*!40101 SET @OLD_SQL_MODE=@@SQL_MODE */;
/*!40101 SET SQL_MODE='NO_ENGINE_SUBSTITUTION' */;
/*!40111 SET @OLD_SQL_NOTES=@@SQL_NOTES */;
/*!40103 SET SQL_NOTES='ON' */;

DROP DATABASE IF EXISTS `inventario`;

CREATE DATABASE `inventario` /*!40100 DEFAULT CHARACTER SET latin1 */;

USE `inventario`;

CREATE TABLE `sucursales` (
  `idSucursal` int(10) unsigned NOT NULL AUTO_INCREMENT,
  `plaza` varchar(30) NOT NULL,
  `ciudad` varchar(30) NOT NULL,
  PRIMARY KEY (`idSucursal`),
  UNIQUE KEY `plaza` (`plaza`)
) ENGINE=InnoDB DEFAULT CHARSET=latin1;

CREATE TABLE `usuarios` (
  `idUsuario` int(10) unsigned NOT NULL AUTO_INCREMENT,
  `idSucursal` int(10) unsigned NOT NULL,
  `username` varchar(20) NOT NULL,
  `password` varchar(255) NOT NULL,
  `permisos` int(10) unsigned NOT NULL,
  `nombre` varchar(50) NOT NULL,
  `apellido` varchar(50) NOT NULL,
  `status` tinyint(1) NOT NULL DEFAULT '1',
  PRIMARY KEY (`idUsuario`),
  UNIQUE KEY `username` (`username`),
  KEY `idSucursal` (`idSucursal`)
) ENGINE=InnoDB DEFAULT CHARSET=latin1;

CREATE TABLE `tecnicas` (
  `idTecnica` int(10) unsigned NOT NULL AUTO_INCREMENT,
  `idSucursal` int(10) unsigned NOT NULL,
  `nombre` varchar(50) NOT NULL,
  `apellido` varchar(50) NOT NULL,
  PRIMARY KEY (`idTecnica`),
  KEY `idSucursal` (`idSucursal`)
) ENGINE=InnoDB DEFAULT CHARSET=latin1;

CREATE TABLE `categorias` (
  `idCategoria` int(10) unsigned NOT NULL AUTO_INCREMENT,
  `nombre` varchar(50) NOT NULL,
  `descripcion` varchar(50) NOT NULL,
  PRIMARY KEY (`idCategoria`),
  UNIQUE KEY `nombre` (`nombre`)
) ENGINE=InnoDB DEFAULT CHARSET=latin1;

CREATE TABLE `productos` (
  `idProducto` int(10) unsigned NOT NULL AUTO_INCREMENT,
  `idCategoria` int(10) unsigned NOT NULL,
  `nombre` varchar(50) NOT NULL,
  `descripcion` varchar(50) NOT NULL,
  `codigo` varchar(20) NOT NULL,
  `minimo` int(10) unsigned NOT NULL,
  `esBasico` tinyint(1) NOT NULL,
  PRIMARY KEY (`idProducto`),
  UNIQUE KEY `codigo` (`codigo`),
  KEY `idCategoria` (`idCategoria`)
) ENGINE=InnoDB DEFAULT CHARSET=latin1;

CREATE TABLE `almacen` (
  `idAlmacen` int(10) unsigned NOT NULL AUTO_INCREMENT,
  `idSucursal` int(10) unsigned NOT NULL,
  `idProducto` int(10) unsigned NOT NULL,
  `cantidadAlmacen` int(10) unsigned NOT NULL DEFAULT '0',
  `cantidadConsumo` int(10) unsigned NOT NULL DEFAULT '0',
  PRIMARY KEY (`idAlmacen`),
  KEY `idSucursal` (`idSucursal`),
  KEY `idProducto` (`idProducto`)
) ENGINE=InnoDB DEFAULT CHARSET=latin1;

CREATE TABLE `movimientos` (
  `idUsuario` int(10) unsigned NOT NULL,
  `idProducto` int(10) unsigned NOT NULL,
  `cantidad` int(10) unsigned NOT NULL,
  `tipo` tinyint(1) NOT NULL,
  `fecha` datetime NOT NULL DEFAULT CURRENT_TIMESTAMP,
  KEY `idUsuario` (`idUsuario`),
  KEY `idProducto` (`idProducto`)
) ENGINE=InnoDB DEFAULT CHARSET=latin1;

CREATE TABLE `asignacionbasicos` (
  `idUsuario` int(10) unsigned NOT NULL,
  `idTecnica` int(10) unsigned NOT NULL,
  `idProducto` int(10) unsigned NOT NULL,
  `fecha` datetime NOT NULL DEFAULT CURRENT_TIMESTAMP,
  KEY `idUsuario` (`idUsuario`),
  KEY `idTecnica` (`idTecnica`),
  KEY `idProducto` (`idProducto`)
) ENGINE=InnoDB DEFAULT CHARSET=latin1;

CREATE TABLE `bajas` (
  `idUsuario` int(10) unsigned NOT NULL,
  `idProducto` int(10) unsigned NOT NULL,
  `cantidad` int(10) unsigned NOT NULL,
  `fecha` datetime NOT NULL DEFAULT CURRENT_TIMESTAMP,
  KEY `idUsuario` (`idUsuario`),
  KEY `idProducto` (`idProducto`)
) ENGINE=InnoDB DEFAULT CHARSET=latin1;

CREATE TABLE `bajasbasicos` (
  `idUsuario` int(10) unsigned NOT NULL,
  `idTecnica` int(10) unsigned NOT NULL,
  `idProducto` int(10) unsigned NOT NULL,
  `fecha` datetime NOT NULL DEFAULT CURRENT_TIMESTAMP,
  KEY `idUsuario` (`idUsuario`),
  KEY `idTecnica` (`idTecnica`),
  KEY `idProducto` (`idProducto`)
) ENGINE=InnoDB DEFAULT CHARSET=latin1;

CREATE TABLE `basicosenuso` (
  `idTecnica` int(10) unsigned NOT NULL,
  `idProducto` int(10) unsigned NOT NULL,
  `enUso` tinyint(1) NOT NULL,
  KEY `idProducto` (`idProducto`),
  KEY `idTecnica` (`idTecnica`)
) ENGINE=InnoDB DEFAULT CHARSET=latin1;

ALTER TABLE `tecnicas`
ADD CONSTRAINT `tecnicas_ibfk_1` FOREIGN KEY (`idSucursal`) REFERENCES `sucursales` (`idSucursal`) ON DELETE CASCADE ON UPDATE NO ACTION;

ALTER TABLE `usuarios`
ADD CONSTRAINT `usuarios_ibfk_1` FOREIGN KEY (`idSucursal`) REFERENCES `sucursales` (`idSucursal`) ON DELETE CASCADE ON UPDATE NO ACTION;

ALTER TABLE `productos`
ADD CONSTRAINT `productos_ibfk_1` FOREIGN KEY (`idCategoria`) REFERENCES `categorias` (`idCategoria`) ON DELETE CASCADE ON UPDATE NO ACTION;

ALTER TABLE `almacen`
ADD CONSTRAINT `almacen_ibfk_1` FOREIGN KEY (`idSucursal`) REFERENCES `sucursales` (`idSucursal`) ON DELETE CASCADE ON UPDATE NO ACTION,
ADD CONSTRAINT `almacen_ibfk_2` FOREIGN KEY (`idProducto`) REFERENCES `productos` (`idProducto`) ON DELETE CASCADE ON UPDATE NO ACTION;

ALTER TABLE `movimientos`
ADD CONSTRAINT `movimientos_ibfk_1` FOREIGN KEY (`idUsuario`) REFERENCES `usuarios` (`idUsuario`) ON DELETE CASCADE ON UPDATE NO ACTION,
ADD CONSTRAINT `movimientos_ibfk_2` FOREIGN KEY (`idProducto`) REFERENCES `productos` (`idProducto`) ON DELETE CASCADE ON UPDATE NO ACTION;

ALTER TABLE `asignacionbasicos`
ADD CONSTRAINT `asignacionbasicos_ibfk_1` FOREIGN KEY (`idUsuario`) REFERENCES `usuarios` (`idUsuario`) ON DELETE CASCADE ON UPDATE NO ACTION,
ADD CONSTRAINT `asignacionbasicos_ibfk_2` FOREIGN KEY (`idTecnica`) REFERENCES `tecnicas` (`idTecnica`) ON DELETE CASCADE ON UPDATE NO ACTION,
ADD CONSTRAINT `asignacionbasicos_ibfk_3` FOREIGN KEY (`idProducto`) REFERENCES `productos` (`idProducto`) ON DELETE CASCADE ON UPDATE NO ACTION;

ALTER TABLE `bajasbasicos`
ADD CONSTRAINT `bajasbasicos_ibfk_1` FOREIGN KEY (`idUsuario`) REFERENCES `usuarios` (`idUsuario`) ON DELETE CASCADE ON UPDATE NO ACTION,
ADD CONSTRAINT `bajasbasicos_ibfk_2` FOREIGN KEY (`idTecnica`) REFERENCES `tecnicas` (`idTecnica`) ON DELETE CASCADE ON UPDATE NO ACTION,
ADD CONSTRAINT `bajasbasicos_ibfk_3` FOREIGN KEY (`idProducto`) REFERENCES `productos` (`idProducto`) ON DELETE CASCADE ON UPDATE NO ACTION;

ALTER TABLE `bajas`
ADD CONSTRAINT `bajas_ibfk_1` FOREIGN KEY (`idUsuario`) REFERENCES `usuarios` (`idUsuario`) ON DELETE CASCADE ON UPDATE NO ACTION,
ADD CONSTRAINT `bajas_ibfk_2` FOREIGN KEY (`idProducto`) REFERENCES `productos` (`idProducto`) ON DELETE CASCADE ON UPDATE NO ACTION;

ALTER TABLE `basicosenuso`
ADD CONSTRAINT `basicosenuso_ibfk_1` FOREIGN KEY (`idProducto`) REFERENCES `productos` (`idProducto`) ON DELETE CASCADE ON UPDATE NO ACTION,
ADD CONSTRAINT `basicosenuso_ibfk_2` FOREIGN KEY (`idTecnica`) REFERENCES `tecnicas` (`idTecnica`) ON DELETE CASCADE ON UPDATE NO ACTION;
-- Llenando base de datos

-- Llenando sucursales
INSERT INTO `sucursales` (`idSucursal`, `plaza`, `ciudad`) VALUES
(1, 'Dila', 'Hermosillo'),
(2, 'Cantabria', 'Hermosillo');
-- Llenando tecnicas
INSERT INTO `tecnicas` (`idTecnica`, `idSucursal`, `nombre`, `apellido`) VALUES
(1, 1, 'Giovana', 'Flores'),
(2, 1, 'Miriam', 'Lagarda'),
(3, 1, 'Karla', 'Ripalda'),
(4, 2, 'Norma', 'Ramirez'),
(5, 2, 'Mayela', 'Lagarda'),
(6, 2, 'Adriana', 'Morales');
-- Llenando usuarios
INSERT INTO `usuarios` (`idUsuario`, `idSucursal`, `username`, `password`, `permisos`, `nombre`, `apellido`, `status`) VALUES
(1, 1, 'gabrielat', '12345678', 2, 'Gabriela Gricelda', 'Trujillo Creado', 1),
(2, 1, 'duniam', '12345678', 1, 'Dunia', 'Morales', 1),
(3, 2, 'lourdesa', '12345678', 1, 'Lourdes', 'Archuleta', 1),
(4, 1, 'yadirar', '12345678', 0, 'Yadira', 'Rodriguez', 1),
(5, 1, 'berenicev', '12345678', 0, 'Berenice', 'Vega', 1),
(6, 2, 'irman', '12345678', 0, 'Irma', 'Navarro', 1);
-- Llenando categorias
INSERT INTO `categorias` (`idCategoria`, `nombre`, `descripcion`) VALUES
(1, 'Gelish', 'Categoria Gelish' ),
(2, 'Goldwell', 'Categoria Goldwell' ),
(3, 'Guadalajara', 'Categoria Guadalajara' ),
(4, 'Morgan Taylor', 'Categoria Morgan Taylor' ),
(5, 'Nioxin', 'Categoria Nioxin' ),
(6, 'Pestaña', 'Categoria Pestaña' ),
(7, 'Prohesion', 'Categoria Prohesion' ),
(8, 'Seche', 'Categoria Seche' );
-- Llenando productos
INSERT INTO `productos` (`idProducto`,`idCategoria`, `nombre`, `descripcion`, `codigo`, `minimo`, `esBasico`) VALUES
(1, 4, "All White Now", "15ml", "50000" , 1, 0 ),
(2, 4, "Heaven Sent", "15ml", "50001" , 1, 0 ),
(3, 4, "In The Nude", "15ml", "50002" , 1, 0 ),
(4, 4, "One And Only", "15ml", "50003" , 1, 0 ),
(5, 4, "I'm Charmed", "15ml", "50004" , 1, 0 ),
(6, 4, "Sugar Fix", "15ml", "50005" , 1, 0 ),
(7, 4, "Simply Irresistible", "15ml", "50006" , 1, 0 ),
(8, 4, "Adorned In Diamonds", "15ml", "50007" , 1, 0 ),
(9, 4, "Sweet Surrender", "15ml", "50008" , 1, 0 ),
(10, 4, "La Dolce Vita", "15ml", "50009" , 1, 0 ),
(11, 4, "Make Me Blush", "15ml", "50010" , 1, 0 ),
(12, 4, "Luxe Be A Lady", "15ml", "50011" , 1, 0 ),
(13, 4, "Sweetest Thing", "15ml", "50012" , 1, 0 ),
(14, 4, "New Romance", "15ml", "50013" , 1, 0 ),
(15, 4, "Lip Service", "15ml", "50014" , 1, 0 ),
(16, 4, "Who's That Girl?", "15ml", "50015" , 1, 0 ),
(17, 4, "Must Have Mauve", "15ml", "50016" , 1, 0 ),
(18, 4, "Coming Up Roses", "15ml", "50017" , 1, 0 ),
(19, 4, "Perfect Match", "15ml", "50018" , 1, 0 ),
(20, 4, "Polished Up", "15ml", "50019" , 1, 0 ),
(21, 4, "Sitting Pretty", "15ml", "50020" , 1, 0 ),
(22, 4, "All Dolled Up", "15ml", "50021" , 1, 0 ),
(23, 4, "Prettier In Pink", "15ml", "50022" , 1, 0 ),
(24, 4, "Hot Hot Tamale", "15ml", "50023" , 1, 0 ),
(25, 4, "Candy Coated Coral", "15ml", "50024" , 1, 0 ),
(26, 4, "Color Me Bold", "15ml", "50025" , 1, 0 ),
(27, 4, "Sweet Escape", "15ml", "50026" , 1, 0 ),
(28, 4, "Orange You Glad", "15ml", "50027" , 1, 0 ),
(29, 4, "Fire Cracker", "15ml", "50028" , 1, 0 ),
(30, 4, "Rare As Rubies", "15ml", "50029" , 1, 0 ),
(31, 4, "Pretty Woman", "15ml", "50030" , 1, 0 ),
(32, 4, "Wonder Woman", "15ml", "50031" , 1, 0 ),
(33, 4, "Man Of The Moment", "15ml", "50032" , 1, 0 ),
(34, 4, "Best Dressed", "15ml", "50033" , 1, 0 ),
(35, 4, "Take The Lead", "15ml", "50034" , 1, 0 ),
(36, 4, "From Paris With Love", "15ml", "50035" , 1, 0 ),
(37, 4, "Seal The Deal", "15ml", "50036" , 1, 0 ),
(38, 4, "Well Spent", "15ml", "50037" , 1, 0 ),
(39, 4, "Truth Or Dare", "15ml", "50038" , 1, 0 ),
(40, 4, "Most Wanted", "15ml", "50039" , 1, 0 ),
(41, 4, "Berry Perfection", "15ml", "50040" , 1, 0 ),
(42, 4, "J'adore My Mani", "15ml", "50041" , 1, 0 ),
(43, 4, "Bright Side", "15ml", "50042" , 1, 0 ),
(44, 4, "Something To Blog About", "15ml", "50043" , 1, 0 ),
(45, 4, "Invitation Only", "15ml", "50044" , 1, 0 ),
(46, 4, "P.S. I Love You", "15ml", "50045" , 1, 0 ),
(47, 4, "Dress Up", "15ml", "50046" , 1, 0 ),
(48, 4, "Funny Business", "15ml", "50047" , 1, 0 ),
(49, 4, "Let Them Eat Cake", "15ml", "50048" , 1, 0 ),
(50, 4, "Super Ultra Violet", "15ml", "50049" , 1, 0 ),
(51, 4, "All The Right Moves", "15ml", "50050" , 1, 0 ),
(52, 4, "Royal Treatment", "15ml", "50051" , 1, 0 ),
(53, 4, "If Looks Could Thrill", "15ml", "50052" , 1, 0 ),
(54, 4, "A-Muse Me", "15ml", "50053" , 1, 0 ),
(55, 4, "Night Owl", "15ml", "50054" , 1, 0 ),
(56, 4, "Hide & Sleek", "15ml", "50055" , 1, 0 ),
(57, 4, "Lust Worthy", "15ml", "50056" , 1, 0 ),
(58, 4, "Met My Match", "15ml", "50057" , 1, 0 ),
(59, 4, "Berry Contrary", "15ml", "50058" , 1, 0 ),
(60, 4, "Wish You Were Here", "15ml", "50059" , 1, 0 ),
(61, 4, "Little Black Dress", "15ml", "50060" , 1, 0 ),
(62, 4, "New York State Of Mind", "15ml", "50061" , 1, 0 ),
(63, 4, "Metaling Around", "15ml", "50062" , 1, 0 ),
(64, 4, "Power Suit", "15ml", "50063" , 1, 0 ),
(65, 4, "Sweater Weather", "15ml", "50064" , 1, 0 ),
(66, 4, "Time To Shine", "15ml", "50065" , 1, 0 ),
(67, 4, "Dress Code", "15ml", "50066" , 1, 0 ),
(68, 4, "Chain Reaction", "15ml", "50067" , 1, 0 ),
(69, 4, "Scene Queen", "15ml", "50068" , 1, 0 ),
(70, 4, "Fame Game", "15ml", "50069" , 1, 0 ),
(71, 4, "Could Have Foiled Me", "15ml", "50070" , 1, 0 ),
(72, 4, "Birthday Suit", "15ml", "50071" , 1, 0 ),
(73, 4, "It's My Party", "15ml", "50072" , 1, 0 ),
(74, 4, "No Way Rosè", "15ml", "50073" , 1, 0 ),
(75, 4, "Bronzed & Beautiful", "15ml", "50074" , 1, 0 ),
(76, 4, "Give Me Gold", "15ml", "50075" , 1, 0 ),
(77, 4, "Glitter & Gold", "15ml", "50076" , 1, 0 ),
(78, 4, "Latte Please", "15ml", "50077" , 1, 0 ),
(79, 4, "On The Fringe", "15ml", "50078" , 1, 0 ),
(80, 4, "Expresso Yourself", "15ml", "50079" , 1, 0 ),
(81, 4, "So-Fari So Good", "15ml", "50080" , 1, 0 ),
(82, 4, "I Make The Money Honey", "15ml", "50081" , 1, 0 ),
(83, 4, "Jungle Boogie", "15ml", "50082" , 1, 0 ),
(84, 4, "Later Alligator", "15ml", "50083" , 1, 0 ),
(85, 4, "Supreme In Green", "15ml", "50084" , 1, 0 ),
(86, 4, "Mint Chocolate Chip", "15ml", "50085" , 1, 0 ),
(87, 4, "Lost In Paradise", "15ml", "50086" , 1, 0 ),
(88, 4, "Gotta Have Hue", "15ml", "50087" , 1, 0 ),
(89, 4, "Stop, Shop, & Roll", "15ml", "50088" , 1, 0 ),
(90, 4, "Totally A-Tealing", "15ml", "50089" , 1, 0 ),
(91, 4, "Bright Eyes", "15ml", "50090" , 1, 0 ),
(92, 4, "West Coast Cool", "15ml", "50091" , 1, 0 ),
(93, 4, "Water Baby", "15ml", "50092" , 1, 0 ),
(94, 4, "Rhythm And Blues", "15ml", "50093" , 1, 0 ),
(95, 4, "Nautically Inclined", "15ml", "50094" , 1, 0 ),
(96, 4, "Make A Statement", "15ml", "50095" , 1, 0 ),
(97, 4, "Eye Candy", "15ml", "50096" , 1, 0 ),
(98, 4, "Deja Blue", "15ml", "50097" , 1, 0 ),
(99, 4, "Under The Stars", "15ml", "50098" , 1, 0 ),
(100, 4, "Denim Du Jour", "15ml", "50099" , 1, 0 ),
(101, 4, "Going Native", "15ml", "50123" , 1, 0 ),
(102, 4, "Making Waves", "15ml", "50124" , 1, 0 ),
(103, 4, "Take Me To Your Tribe", "15ml", "50125" , 1, 0 ),
(104, 4, "Beach Babe", "15ml", "50126" , 1, 0 ),
(105, 4, "Sarong But So Right", "15ml", "50127" , 1, 0 ),
(106, 4, "Tropical Punch", "15ml", "50128" , 1, 0 ),
(107, 4, "CNY Good Luck Charm", "15ml", "50129" , 1, 0 ),
(108, 4, "Doo Wop", "15ml", "50131" , 1, 0 ),
(109, 4, "Cruisin' the Boulevard", "15ml", "50132" , 1, 0 ),
(110, 4, "One Cool Cat", "15ml", "50133" , 1, 0 ),
(111, 4, "Let's Go to the Hop", "15ml", "50134" , 1, 0 ),
(112, 4, "Orange Crush", "15ml", "50135" , 1, 0 ),
(113, 4, "Hocus Pocus", "15ml", "50137" , 1, 0 ),
(114, 4, "Who-Dini?", "15ml", "50138" , 1, 0 ),
(115, 4, "I´m The Good Wich", "15ml", "50139" , 1, 0 ),
(116, 4, "Magician´s Assistant", "15ml", "50140" , 1, 0 ),
(117, 4, "Now You See Me", "15ml", "50141" , 1, 0 ),
(118, 4, "Simply Spellbound", "15ml", "50142" , 1, 0 ),
(119, 4, "Deck the Halls", "15ml", "50143" , 1, 0 ),
(120, 4, "Scandalous", "15ml", "50144" , 1, 0 ),
(121, 4, "Just for the Occasion", "15ml", "50145" , 1, 0 ),
(122, 4, "Snow Place like Home", "15ml", "50146" , 1, 0 ),
(123, 4, "New Year, New Blue", "15ml", "50147" , 1, 0 ),
(124, 4, "Midnight Rendezvous", "15ml", "50148" , 1, 0 ),
(125, 4, "Go For The Glow", "15ml", "50149" , 1, 0 ),
(126, 4, "Watt Yel-lookin At?", "15ml", "50151" , 1, 0 ),
(127, 4, "Don't Worry, Be Brilliant", "15ml", "50152" , 1, 0 ),
(128, 4, "Pink Flame-ingo", "15ml", "50154" , 1, 0 ),
(129, 4, "Shock Therapy", "15ml", "50157" , 1, 0 ),
(130, 4, "Don't Touch Me, I'm Radioactive", "15ml", "50158" , 1, 0 ),
(131, 4, "Flirting with the Phantom", "15ml", "50159" , 1, 0 ),
(132, 4, "My Kind of Ball Gown", "15ml", "50160" , 1, 0 ),
(133, 4, "Don't Rain on My Masquerade", "15ml", "50161" , 1, 0 ),
(134, 4, "The Big Reveal", "15ml", "50162" , 1, 0 ),
(135, 4, "Vixen in a Mask", "15ml", "50163" , 1, 0 ),
(136, 4, "Jest-er Kidding", "15ml", "50164" , 1, 0 ),
(137, 4, "Big bang Red CNY 2015", "15ml", "50165" , 1, 0 ),
(138, 4, "Party at the Palace", "15ml", "50167" , 1, 0 ),
(139, 4, "If the Slipper Fits", "15ml", "50168" , 1, 0 ),
(140, 4, "Watch Your Step, Sister!", "15ml", "50169" , 1, 0 ),
(141, 4, "My Carriage Awaits", "15ml", "50170" , 1, 0 ),
(142, 4, "Best Ball Gown Ever", "15ml", "50171" , 1, 0 ),
(143, 4, "Ella of a Girl", "15ml", "50172" , 1, 0 ),
(144, 4, "Amour Color Please", "15ml", "50173" , 1, 0 ),
(145, 4, "Escar-Go-To-France", "15ml", "50174" , 1, 0 ),
(146, 4, "Postcards From Paris", "15ml", "50175" , 1, 0 ),
(147, 4, "Cancan We Dance?", "15ml", "50176" , 1, 0 ),
(148, 4, "Do You Harajuku?", "15ml", "50177" , 1, 0 ),
(149, 4, "Look At You, Pink-Achu!", "15ml", "50178" , 1, 0 ),
(150, 4, "Anime-Zing Color!", "15ml", "50179" , 1, 0 ),
(151, 4, "Tokyo A Go Go", "15ml", "50180" , 1, 0 ),
(152, 4, "Pop-Arazzi Pose", "15ml", "50181" , 1, 0 ),
(153, 4, "Manga-Around With Me", "15ml", "50182" , 1, 0 ),
(154, 4, "Pumps Or Cowboy Boots?", "15ml", "50183" , 1, 0 ),
(155, 4, "Plum Tuckered Out", "15ml", "50184" , 1, 0 ),
(156, 4, "A Touch of Sass", "15ml", "50185" , 1, 0 ),
(157, 4, "Tex'as Me Later", "15ml", "50186" , 1, 0 ),
(158, 4, "Tan My Hide", "15ml", "50187" , 1, 0 ),
(159, 4, "Holy Cow Girl!", "15ml", "50188" , 1, 0 ),
(160, 4, "Ruby Two-Shoes", "15ml", "50189" , 1, 0 ),
(161, 4, "I'm So Hot", "15ml", "50190" , 1, 0 ),
(162, 4, "A Little Naughty", "15ml", "50191" , 1, 0 ),
(163, 4, "All Wrapped Up", "15ml", "50192" , 1, 0 ),
(164, 4, "Tinsel My Fancy", "15ml", "50193" , 1, 0 ),
(165, 4, "Gifted in Platinum", "15ml", "50194" , 1, 0 ),
(166, 4, "Rose-Y Cheeks", "15ml", "50196" , 1, 0 ),
(167, 4, "It's Gonna Be Mei", "15ml", "50197" , 1, 0 ),
(168, 4, "Kung Fu-Chsia", "15ml", "50198" , 1, 0 ),
(169, 4, "Warm Up The Car-Nation", "15ml", "50199" , 1, 0 ),
(170, 4, "Tigress Knows Best", "15ml", "50200" , 1, 0 ),
(171, 4, "What's Your Poinesttia?", "15ml", "50201" , 1, 0 ),
(172, 4, "Don't Pansy Around", "15ml", "50202" , 1, 0 ),
(173, 4, "Prim-Rose And Proper", "15ml", "50203" , 1, 0 ),
(174, 4, "Extra Plum Sauce", "15ml", "50204" , 1, 0 ),
(175, 4, "Po-Riwinkle", "15ml", "50205" , 1, 0 ),
(176, 4, "I Or-Chid You Not", "15ml", "50206" , 1, 0 ),
(177, 4, "Warriors Don't Wine", "15ml", "50207" , 1, 0 ),
(178, 4, "Chrome Base-Silver", "15ml", "50208" , 1, 0 ),
(179, 4, "Sunset Yellow Appliqué", "15ml", "50209" , 1, 0 ),
(180, 4, "Amber Rush Appliqué", "15ml", "50210" , 1, 0 ),
(181, 4, "Cherry Appliqué", "15ml", "50211" , 1, 0 ),
(182, 4, "Royal Appliqué", "15ml", "50212" , 1, 0 ),
(183, 4, "Ultramarine Appliqué", "15ml", "50213" , 1, 0 ),
(184, 4, "Ivy Appliqué", "15ml", "50214" , 1, 0 ),
(185, 4, "Glow In The Dark (Fluorescente)", "15ml", "50215" , 1, 0 ),
(186, 4, "Catch My Drift", "15ml", "50216" , 1, 0 ),
(187, 4, "Girls Love Buoys", "15ml", "50217" , 1, 0 ),
(188, 4, "Wish Upon A Starboard", "15ml", "50218" , 1, 0 ),
(189, 4, "My Yacht, My Rules!", "15ml", "50219" , 1, 0 ),
(190, 4, "Cou-Tour The Streets", "15ml", "50220" , 1, 0 ),
(191, 4, "B-Girl Style", "15ml", "50221" , 1, 0 ),
(192, 4, "Hip Hot Coral", "15ml", "50222" , 1, 0 ),
(193, 4, "Tag, You´re It", "15ml", "50223" , 1, 0 ),
(194, 4, "Street Cred-ible", "15ml", "50224" , 1, 0 ),
(195, 4, "Give Me a Break-Dance", "15ml", "50225" , 1, 0 ),
(196, 4, "Up In The Air Heart", "15ml", "50226" , 1, 0 ),
(197, 4, "Perfect Landing", "15ml", "50227" , 1, 0 ),
(198, 4, "Put A Wing On It", "15ml", "50228" , 1, 0 ),
(199, 4, "Looking For A Wingman", "15ml", "50229" , 1, 0 ),
(200, 4, "Oh, Para-Chute!", "15ml", "50230" , 1, 0 ),
(201, 4, "Rule The Runnway", "15ml", "50231" , 1, 0 ),
(202, 4, "Just Naughty Enough", "15ml", "50233" , 1, 0 ),
(203, 4, "Let's Get Frosty", "15ml", "50234" , 1, 0 ),
(204, 4, "Girl Meets Joy", "15ml", "50235" , 1, 0 ),
(205, 4, "You're So Elf-Centered!", "15ml", "50236" , 1, 0 ),
(206, 4, "Rocking My Stocking", "15ml", "50237" , 1, 0 ),
(207, 4, "Who Nose Rudolph?", "15ml", "50238" , 1, 0 ),
(208, 4, "N-Ice Girls Rule", "15ml", "50239" , 1, 0 ),
(209, 4, "Figure 8s & Heartbreaks", "15ml", "50240" , 1, 0 ),
(210, 4, "Ice Queen Anyone?", "15ml", "50241" , 1, 0 ),
(211, 4, "Lace'em Up", "15ml", "50242" , 1, 0 ),
(212, 4, "Flirt In A Skating Skirt", "15ml", "50243" , 1, 0 ),
(213, 4, "Hey, Twirl-Friend!", "15ml", "50244" , 1, 0 ),
(214, 4, "Stick With It - Base", "15ml", "51000" , 1, 0 ),
(215, 4, "Need For Speed - Sellador", "15ml", "51001" , 1, 0 ),
(216, 4, "Make It Last - Brillo Sellador", "15ml", "51002" , 1, 0 ),
(217, 4, "Mattes A Wrap - Sellador Mate", "15ml", "51003" , 1, 0 ),
(218, 4, "Go Ahead and Grow - Base Tratamiento", "15ml", "51004" , 1, 0 ),
(219, 4, "React Base Larga Duración", "15ml", "51005" , 1, 0 ),
(220, 4, "React Top Larga Duración", "15ml", "51006" , 1, 0 ),
(221, 4, "The Last Petal", "15ml", "3110247" , 1, 0 ),
(222, 4, "Be Our Guest", "15ml", "3110248" , 1, 0 ),
(223, 4, "Plumette With Excitement", "15ml", "3110249" , 1, 0 ),
(224, 4, "Gaston And On And On", "15ml", "3110250" , 1, 0 ),
(225, 4, "Days In The Sun", "15ml", "3110251" , 1, 0 ),
(226, 4, "Potts Of Tea", "15ml", "3110252" , 1, 0 ),
(227, 4, "Enchanted Patina", "15ml", "3110253" , 1, 0 ),
(228, 4, "All About The Pout", "15ml", "3110254" , 1, 0 ),
(229, 4, "Me, Myself-Ie And I", "15ml", "3110255" , 1, 0 ),
(230, 4, "Pretty As A Pink-Ture", "15ml", "3110256" , 1, 0 ),
(231, 4, "Woke Up This Way", "15ml", "3110257" , 1, 0 ),
(232, 4, "Best Face Forward", "15ml", "3110258" , 1, 0 ),
(233, 4, "No Filter Needed", "15ml", "3110259" , 1, 0 ),
(234, 1, "PH Bond - Nivelador", "15ml", "1206" , 1, 0 ),
(235, 1, "Nourish - Aceite Cuticulas", "15ml", "1207" , 1, 0 ),
(236, 1, "Lima Pulidora 100/180", "1pza", "1210" , 1, 0 ),
(237, 1, "Top It Off Sellador Matte", "15ml", "1222" , 1, 0 ),
(238, 1, "Gelish Lampara LED 5-45 (Garantía 90 días)", "Pza", "1223" , 1, 0 ),
(239, 1, "Cleanser Mega", "960ml", "1228" , 1, 0 ),
(240, 1, "Remover Mega", "960ml", "1229" , 1, 0 ),
(241, 1, "Foundation - Base", "15ml", "1245" , 1, 0 ),
(242, 1, "Top-It-Off - Sellador", "15ml", "1246" , 1, 0 ),
(243, 1, "Structure - Gel Reparador", "15ml", "1247" , 1, 0 ),
(244, 1, "Remover Chico", "120ml", "1248" , 1, 0 ),
(245, 1, "Remover Grande", "480ml", "1249" , 1, 0 ),
(246, 1, "Cleanser Chico", "120ml", "1250" , 1, 0 ),
(247, 1, "Cleanser Grande", "480ml", "1251" , 1, 0 ),
(248, 1, "Lima Delgada 240/240 (Paquete)", "pza", "1312" , 1, 0 ),
(249, 1, "Sheek White", "15ml", "1323" , 1, 0 ),
(250, 1, "Simpler Sheer", "15ml", "1324" , 1, 0 ),
(251, 1, "Forever Beauty", "15ml", "1325" , 1, 0 ),
(252, 1, "Ambience", "15ml", "1326" , 1, 0 ),
(253, 1, "Light Elegant", "15ml", "1327" , 1, 0 ),
(254, 1, "Reserve", "15ml", "1329" , 1, 0 ),
(255, 1, "Exhale", "15ml", "1330" , 1, 0 ),
(256, 1, "Passion", "15ml", "1331" , 1, 0 ),
(257, 1, "Gossip Girl", "15ml", "1332" , 1, 0 ),
(258, 1, "High Bridge", "15ml", "1333" , 1, 0 ),
(259, 1, "Tiger Blossum", "15ml", "1334" , 1, 0 ),
(260, 1, "Rendezvous", "15ml", "1336" , 1, 0 ),
(261, 1, "Stand Out", "15ml", "1337" , 1, 0 ),
(262, 1, "Star Burst", "15ml", "1338" , 1, 0 ),
(263, 1, "Elegant Wish", "15ml", "1339" , 1, 0 ),
(264, 1, "Sweet Chocolate", "15ml", "1340" , 1, 0 ),
(265, 1, "Seafoam", "15ml", "1341" , 1, 0 ),
(266, 1, "Bella's Vampire", "15ml", "1342" , 1, 0 ),
(267, 1, "Red Roses", "15ml", "1343" , 1, 0 ),
(268, 1, "Black Shadow", "15ml", "1348" , 1, 0 ),
(269, 1, "Caution", "15ml", "1349" , 1, 0 ),
(270, 1, "Deep Sea", "15ml", "1350" , 1, 0 ),
(271, 1, "Night Reflection", "15ml", "1351" , 1, 0 ),
(272, 1, "Tumberline Violet", "15ml", "1352" , 1, 0 ),
(273, 1, "June Bride", "15ml", "1353" , 1, 0 ),
(274, 1, "Golden Treasure", "15ml", "1354" , 1, 0 ),
(275, 1, "Bronzed", "15ml", "1355" , 1, 0 ),
(276, 1, "Twinkle", "15ml", "1356" , 1, 0 ),
(277, 1, "Water Field", "15ml", "1358" , 1, 0 ),
(278, 1, "Taffeta", "15ml", "1359" , 1, 0 ),
(279, 1, "Wicked (AGOTAR EXISTENCIAS)", "15ml", "1360" , 1, 0 ),
(280, 1, "Night Shimmer", "15ml", "1362" , 1, 0 ),
(281, 1, "Good Gossip", "15ml", "1363" , 1, 0 ),
(282, 1, "Ocean Wave", "15ml", "1364" , 1, 0 ),
(283, 1, "Mint Icing", "15ml", "1365" , 1, 0 ),
(284, 1, "Samuri", "15ml", "1366" , 1, 0 ),
(285, 1, "Vegas Night", "15ml", "1367" , 1, 0 ),
(286, 1, "Midnight Caller", "15ml", "1368" , 1, 0 ),
(287, 1, "Rose Garden", "15ml", "1369" , 1, 0 ),
(288, 1, "Silver Sand", "15ml", "1370" , 1, 0 ),
(289, 1, "Pincel Gel Mini Striper", "1pza", "1380" , 1, 0 ),
(290, 1, "Pincel Gel Striper", "1pza", "1381" , 1, 0 ),
(291, 1, "Pincel Gel #6 Oval", "1pza", "1382" , 1, 0 ),
(292, 1, "Pincel Gel #6 Cuadrado", "1pza", "1383" , 1, 0 ),
(293, 1, "Pincel Gel #7 Cuadrado", "1pza", "1384" , 1, 0 ),
(294, 1, "GHG - Gel Constructor Rosa", "15ml", "1387" , 1, 0 ),
(295, 1, "GHG - Gel Constructor Rosa Oscuro", "15ml", "1388" , 1, 0 ),
(296, 1, "GHG - Gel Constructor Blanco", "15ml", "1389" , 1, 0 ),
(297, 1, "GHG - Gel Transparente", "15ml", "1390" , 1, 0 ),
(298, 1, "GHG - Gel Constructor Transparente", "15ml", "1393" , 1, 0 ),
(299, 1, "GHG - Gel Led blanco para frances", "15ml", "1396" , 1, 0 ),
(300, 1, "GHG - Gel Cover Rosa Constructor", "15ml", "1397" , 1, 0 ),
(301, 1, "GHG - Dry Armor (Sellador)", "15ml", "1398" , 1, 0 ),
(302, 1, "Emerald Dust", "15ml", "1400" , 1, 0 ),
(303, 1, "Grand Jewels", "15ml", "1401" , 1, 0 ),
(304, 1, "High Voltage", "15ml", "1402" , 1, 0 ),
(305, 1, "Tickle My Heart", "15ml", "1403" , 1, 0 ),
(306, 1, "Champagne", "15ml", "1404" , 1, 0 ),
(307, 1, "Need A Tan", "15ml", "1405" , 1, 0 ),
(308, 1, "Medieval Madness", "15ml", "1406" , 1, 0 ),
(309, 1, "Glamour Queen", "15ml", "1407" , 1, 0 ),
(310, 1, "Pink Smoothie", "15ml", "1408" , 1, 0 ),
(311, 1, "Go Girl", "15ml", "1409" , 1, 0 ),
(312, 1, "It’s A Lilly", "15ml", "1410" , 1, 0 ),
(313, 1, "Tutti Frutti", "15ml", "1411" , 1, 0 ),
(314, 1, "Hot Rod Red", "15ml", "1412" , 1, 0 ),
(315, 1, "Up In The Blue", "15ml", "1413" , 1, 0 ),
(316, 1, "After Dark", "15ml", "1414" , 1, 0 ),
(317, 1, "Diva", "15ml", "1415" , 1, 0 ),
(318, 1, "All About Me", "15ml", "1416" , 1, 0 ),
(319, 1, "Plum And Done", "15ml", "1417" , 1, 0 ),
(320, 1, "Black Cherry Berry", "15ml", "1418" , 1, 0 ),
(321, 1, "Queen Of Hearts", "15ml", "1419" , 1, 0 ),
(322, 1, "Jet Set", "15ml", "1420" , 1, 0 ),
(323, 1, "Snow Bunny", "15ml", "1421" , 1, 0 ),
(324, 1, "Little Princesses", "15ml", "1422" , 1, 0 ),
(325, 1, "Sweet Dream", "15ml", "1423" , 1, 0 ),
(326, 1, "Welcome To The Masquerade (AGOTAR EXISTENCIAS)", "15ml", "1424" , 1, 0 ),
(327, 1, "The Dark Side (AGOTAR EXISTENCIAS)", "15ml", "1427" , 1, 0 ),
(328, 1, "Showstopper", "15ml", "1428" , 1, 0 ),
(329, 1, "Big City Siren", "15ml", "1430" , 1, 0 ),
(330, 1, "Sunrise and The City", "15ml", "1431" , 1, 0 ),
(331, 1, "Arctic Freeze", "15ml", "1433" , 1, 0 ),
(332, 1, "Strut Your Stuff", "15ml", "1434" , 1, 0 ),
(333, 1, "Taupe Model", "15ml", "1435" , 1, 0 ),
(334, 1, "Fashion Week Chic", "15ml", "1437" , 1, 0 ),
(335, 1, "Cocktail Party Drama", "15ml", "1438" , 1, 0 ),
(336, 1, "My Favorite Accessory", "15ml", "1439" , 1, 0 ),
(337, 1, "Backstage Beauty", "15ml", "1440" , 1, 0 ),
(338, 1, "Cashmere Kind Of Gal", "15ml", "1441" , 1, 0 ),
(339, 1, "The Perfect Silhouette (AGOTAR EXISTENCIAS)", "15ml", "1460" , 1, 0 ),
(340, 1, "Inner Vixen", "15ml", "1461" , 1, 0 ),
(341, 1, "Sweet Morning Dew", "15ml", "1462" , 1, 0 ),
(342, 1, "All Dahlia-ed Up", "15ml", "1464" , 1, 0 ),
(343, 1, "He Loves Me, He Loves Me Not", "15ml", "1465" , 1, 0 ),
(344, 1, "Garden Teal Party", "15ml", "1466" , 1, 0 ),
(345, 1, "A Mint of Spring", "15ml", "1467" , 1, 0 ),
(346, 1, "Ooba Ooba Blue", "15ml", "1472" , 1, 0 ),
(347, 1, "Amazon Flirt", "15ml", "1473" , 1, 0 ),
(348, 1, "Coco Cabana Banana", "15ml", "1474" , 1, 0 ),
(349, 1, "Tiki Tiki Laranga", "15ml", "1475" , 1, 0 ),
(350, 1, "Carnaval Hangover", "15ml", "1477" , 1, 0 ),
(351, 1, "Feeling Bubbly", "15ml", "1482" , 1, 0 ),
(352, 1, "You Sleigh Or Mine?", "15ml", "1483" , 1, 0 ),
(353, 1, "Sugar Plum Dreams", "15ml", "1484" , 1, 0 ),
(354, 1, "Berry Merry Holidays", "15ml", "1485" , 1, 0 ),
(355, 1, "Here's To The Blue Year", "15ml", "1486" , 1, 0 ),
(356, 1, "Kisses Under The Mistletoe", "15ml", "1487" , 1, 0 ),
(357, 1, "Pincel Gel #6 Cuadrado lujo Diamantes imitación", "1 pza", "1497" , 1, 0 ),
(358, 1, "Just in Case Tomorrow Never Comes", "15ml", "1522" , 1, 0 ),
(359, 1, "My Forbidden Love", "15ml", "1523" , 1, 0 ),
(360, 1, "Sugar Daddy", "15ml", "1529" , 1, 0 ),
(361, 1, "Sugar N'Spice & Everything Nice", "15ml", "1530" , 1, 0 ),
(362, 1, "Orange Cream Dream", "15ml", "1531" , 1, 0 ),
(363, 1, "You're So Sweet You're Giving Me A Toothache", "15ml", "1532" , 1, 0 ),
(364, 1, "You're Such a Sweet Tart", "15ml", "1533" , 1, 0 ),
(365, 1, "My Favourite Bleue-Tique", "15ml", "1537" , 1, 0 ),
(366, 1, "Fashionably Slate", "15ml", "1538" , 1, 0 ),
(367, 1, "Meet Me In Milano", "15ml", "1540" , 1, 0 ),
(368, 1, "It Girl", "15ml", "1544" , 1, 0 ),
(369, 1, "Commander-In-Chic", "15ml", "1545" , 1, 0 ),
(370, 1, "Holiday Party Blues", "15ml", "1546" , 1, 0 ),
(371, 1, "The Naughty List", "15ml", "1549" , 1, 0 ),
(372, 1, "All Tied Up… With A Bow", "15ml", "1550" , 1, 0 ),
(373, 1, "Just What I Wanted!", "15ml", "1551" , 1, 0 ),
(374, 1, "Sometimes A Girl's Gotta Glow", "15ml", "1554" , 1, 0 ),
(375, 1, "Radiance Is My Middle Name", "15ml", "1555" , 1, 0 ),
(376, 1, "You Glare, I Glow", "15ml", "1556" , 1, 0 ),
(377, 1, "Brights Have More Fun", "15ml", "1557" , 1, 0 ),
(378, 1, "Make You Blink Pink", "15ml", "1558" , 1, 0 ),
(379, 1, "I'm Brighter Than You", "15ml", "1559" , 1, 0 ),
(380, 1, "GHG Kit de Inicio Sistema Hard Gel", "Kit", "1560" , 1, 0 ),
(381, 1, "GHG - Photo Finish", "15ml", "1574" , 1, 0 ),
(382, 1, "I´m No Stranger To Love", "15ml", "1576" , 1, 0 ),
(383, 1, "A Touch of Sass", "15ml", "1577" , 1, 0 ),
(384, 1, "Love Me Like A Vamp", "15ml", "1578" , 1, 0 ),
(385, 1, "Want to Cuddle?", "15ml", "1580" , 1, 0 ),
(386, 1, "Lust At First Sight", "15ml", "1581" , 1, 0 ),
(387, 1, "360 Black Flip - Black With Silver", "15ml", "1582" , 1, 0 ),
(388, 1, "Sledding In Style", "15ml", "1583" , 1, 0 ),
(389, 1, "Race You To The Bottom", "15ml", "1584" , 1, 0 ),
(390, 1, "Wanna Share A Lift?", "15ml", "1585" , 1, 0 ),
(391, 1, "I Heart My Instructor", "15ml", "1586" , 1, 0 ),
(392, 1, "Let's Hit The Bunny Slopes", "15ml", "1587" , 1, 0 ),
(393, 1, "Fairest of Them All", "15ml", "1590" , 1, 0 ),
(394, 1, "Oh What a Knight!", "15ml", "1591" , 1, 0 ),
(395, 1, "She's My Beauty", "15ml", "1592" , 1, 0 ),
(396, 1, "Kiss Me, I'm a Prince", "15ml", "1594" , 1, 0 ),
(397, 1, "My One Blue Love", "15ml", "1595" , 1, 0 ),
(398, 1, "Lucky Lady", "15ml", "1599" , 1, 0 ),
(399, 1, "Wiggle Fingers", "15ml", "1600" , 1, 0 ),
(400, 1, "Oocha Coocha", "15ml", "1602" , 1, 0 ),
(401, 1, "The Great Googly-Moogly (AGOTAR EXISTENCIAS)", "15ml", "1603" , 1, 0 ),
(402, 1, "Close Your Fingers and Cross (AGOTAR EXISTENCIAS)", "15ml", "1604" , 1, 0 ),
(403, 1, "Izzy Wizzy", "15ml", "1605" , 1, 0 ),
(404, 1, "Rockin' The Reef", "15ml", "1618" , 1, 0 ),
(405, 1, "Pacific Sunset", "15ml", "1619" , 1, 0 ),
(406, 1, "Tahiti Hottie", "15ml", "1620" , 1, 0 ),
(407, 1, "Mali-Blu Me Away", "15ml", "1621" , 1, 0 ),
(408, 1, "Rub Me The Sarong Way", "15ml", "1622" , 1, 0 ),
(409, 1, "Lime All The Time", "15ml", "1623" , 1, 0 ),
(410, 1, "Mini Gelish Basix Kit", "Kit", "1755" , 1, 0 ),
(411, 1, "Kit Completo de Inicio Gelish", "Each", "1764" , 1, 0 ),
(412, 1, "Gelish 5-45 Pro Kit", "Kit", "1789" , 1, 0 ),
(413, 1, "Clean Slate", "15ml", "1844" , 1, 0 ),
(414, 1, "Rake In The Green", "15ml", "1845" , 1, 0 ),
(415, 1, "Berry Buttoned Up", "15ml", "1846" , 1, 0 ),
(416, 1, "Hello Merlot!", "15ml", "1847" , 1, 0 ),
(417, 1, "Whose Cider Are You On?", "15ml", "1848" , 1, 0 ),
(418, 1, "Do I Look Buff", "15ml", "1849" , 1, 0 ),
(419, 1, "Rough Around The Edges", "15ml", "1851" , 1, 0 ),
(420, 1, "Life Of The Party", "15ml", "1852" , 1, 0 ),
(421, 1, "Am I Making You Gelish?", "15ml", "1853" , 1, 0 ),
(422, 1, "All That Glitters Is Gold", "15ml", "1854" , 1, 0 ),
(423, 1, "Feel Me On Your Fingertips", "15ml", "1855" , 1, 0 ),
(424, 1, "Too Tough To Be Sweet", "15ml", "1856" , 1, 0 ),
(425, 1, "Are You Feeling It?", "15ml", "1857" , 1, 0 ),
(426, 1, "Concrete Couture", "15ml", "1858" , 1, 0 ),
(427, 1, "Lots Of Dots", "15ml", "1859" , 1, 0 ),
(428, 1, "Candy Shop", "15ml", "1860" , 1, 0 ),
(429, 1, "Let Me Top You Off", "15ml", "1861" , 1, 0 ),
(430, 1, "A Pinch Of Pepper", "15ml", "1862" , 1, 0 ),
(431, 1, "Girls' Night Out", "15ml", "1863" , 1, 0 ),
(432, 1, "Sweet 16", "15ml", "1864" , 1, 0 ),
(433, 1, "#Partygirlproblems", "15ml", "1865" , 1, 0 ),
(434, 1, "Getting Gritty With It", "15ml", "1866" , 1, 0 ),
(435, 1, "Rays Of Light", "15ml", "1874" , 1, 0 ),
(436, 1, "Shattered Beauty", "15ml", "1875" , 1, 0 ),
(437, 1, "The Big Chill", "15ml", "1879" , 1, 0 ),
(438, 1, "Snowflakes & Skyscrapers", "15ml", "1880" , 1, 0 ),
(439, 1, "Call Me Jill Frost", "15ml", "1881" , 1, 0 ),
(440, 1, "I’m Snow Angel", "15ml", "1882" , 1, 0 ),
(441, 1, "Ice Skate, You Skate, We All Skate", "15ml", "1883" , 1, 0 ),
(442, 1, "My Jewels Keep Me Warm", "15ml", "1884" , 1, 0 ),
(443, 1, "Remocion de Gelish Papel Aluminio", "100 Pzas", "1920" , 1, 0 ),
(444, 1, "Looking Glass", "15ml", "1957" , 1, 0 ),
(445, 1, "Preparador para Uña (Empujador y Bufer)", "Estuche", "4098" , 1, 0 ),
(446, 1, "A Little Naughty", "15ml", "1100000" , 1, 0 ),
(447, 1, "Last Call", "15ml", "1100001" , 1, 0 ),
(448, 1, "Give Me Gold", "15ml", "1100002" , 1, 0 ),
(449, 1, "Rhythm And Blues", "15ml", "1100003" , 1, 0 ),
(450, 1, "Sweater Weather", "15ml", "1100004" , 1, 0 ),
(451, 1, "A Lister", "15ml", "1100005" , 1, 0 ),
(452, 1, "It´S Gonna Be Mei", "15ml", "1100015" , 1, 0 ),
(453, 1, "Kung Fu-Chsia", "15ml", "1100016" , 1, 0 ),
(454, 1, "Tigress Knows Best", "15ml", "1100017" , 1, 0 ),
(455, 1, "Warriors Don´T Win", "15ml", "1100018" , 1, 0 ),
(456, 1, "Extra Plum Sauce", "15ml", "1100019" , 1, 0 ),
(457, 1, "Po-Riwinkle", "15ml", "1100020" , 1, 0 ),
(458, 1, "Rose-Y Cheeks", "15ml", "1100029" , 1, 0 ),
(459, 1, "Warm Up The Car-Nation", "15ml", "1100030" , 1, 0 ),
(460, 1, "What's Your Poinsettia?", "15ml", "1100031" , 1, 0 ),
(461, 1, "Don't Pansy Around", "15ml", "1100032" , 1, 0 ),
(462, 1, "Prim-Rose And Proper", "15ml", "1100033" , 1, 0 ),
(463, 1, "I Or-Chid You Not", "15ml", "1100034" , 1, 0 ),
(464, 1, "Cou-Tour The Streets", "15ml", "1100043" , 1, 0 ),
(465, 1, "B-Girl Style", "15ml", "1100044" , 1, 0 ),
(466, 1, "Hip Hot Coral", "15ml", "1100045" , 1, 0 ),
(467, 1, "Tag, You´re It", "15ml", "1100046" , 1, 0 ),
(468, 1, "Street Cred-Ible", "15ml", "1100047" , 1, 0 ),
(469, 1, "Give Me A Break-Dance", "15ml", "1100048" , 1, 0 ),
(470, 1, "Catch My Drift", "15ml", "1100059" , 1, 0 ),
(471, 1, "Girl Loves Bouys", "15ml", "1100060" , 1, 0 ),
(472, 1, "Whis Upon A Starboard", "15ml", "1100061" , 1, 0 ),
(473, 1, "My Yacht, My Rules!", "15ml", "1100062" , 1, 0 ),
(474, 1, "Up In The Air-heart", "15ml", "1100067" , 1, 0 ),
(475, 1, "Perfect Landing", "15ml", "1100068" , 1, 0 ),
(476, 1, "Put A Wing On It", "15ml", "1100069" , 1, 0 ),
(477, 1, "Looking For a Wingman", "15ml", "1100070" , 1, 0 ),
(478, 1, "Oh, Para-chute!", "15ml", "1100071" , 1, 0 ),
(479, 1, "Rule The Runway", "15ml", "1100072" , 1, 0 ),
(480, 1, "Just Naughty Enough", "15ml", "1100087" , 1, 0 ),
(481, 1, "Let's Get Frosty", "15ml", "1100088" , 1, 0 ),
(482, 1, "Girl Meets Joy", "15ml", "1100089" , 1, 0 ),
(483, 1, "You're So Elf-Centered!", "15ml", "1100090" , 1, 0 ),
(484, 1, "Rocking My Stocking", "15ml", "1100091" , 1, 0 ),
(485, 1, "Who Nose Rudolph?", "15ml", "1100092" , 1, 0 ),
(486, 1, "Display Wrapped In Glamour", "15ml", "1100100" , 1, 0 ),
(487, 1, "Dispensador de Perlas para Decorado color Oro", "1 pza", "1100109" , 1, 0 ),
(488, 1, "Dispensador de Perlas para Decorado color Plata", "1 pza", "1100110" , 1, 0 ),
(489, 1, "Dispensador de Perlas para Decorado color Oro Rosa", "1 pza", "1100111" , 1, 0 ),
(490, 1, "Dispensador de Cintas para Decorado", "1 pza", "1100113" , 1, 0 ),
(491, 1, "N-Ice Girls Rule", "15ml", "1100114" , 1, 0 ),
(492, 1, "Figure 8s & Heartbreaks", "15ml", "1100115" , 1, 0 ),
(493, 1, "Ice Queen Anyone?", "15ml", "1100116" , 1, 0 ),
(494, 1, "Lace'em Up", "15ml", "1100117" , 1, 0 ),
(495, 1, "Flirt In A Skating Skirt", "15ml", "1100118" , 1, 0 ),
(496, 1, "Hey, Twirl-Friend!", "15ml", "1100119" , 1, 0 ),
(497, 1, "Display The Great Ice-Scape", "15ml", "1100126" , 1, 0 ),
(498, 1, "Structure - Aplicación Brocha", "15ml", "1100130" , 1, 0 ),
(499, 1, "Gelish Lampara 18G Plus Luz Led Profesional", "1pza", "1100148" , 1, 0 ),
(500, 1, "The Last Petal", "15ml", "1110247" , 1, 0 ),
(501, 1, "Be Our Guest", "15ml", "1110248" , 1, 0 ),
(502, 1, "Plumette With Excitement", "15ml", "1110249" , 1, 0 ),
(503, 1, "Gaston And On And On", "15ml", "1110250" , 1, 0 ),
(504, 1, "Days In The Sun", "15ml", "1110251" , 1, 0 ),
(505, 1, "Potts Of Tea", "15ml", "1110252" , 1, 0 ),
(506, 1, "Enchanted Patina", "15ml", "1110253" , 1, 0 ),
(507, 1, "All About The Pout", "15ml", "1110254" , 1, 0 ),
(508, 1, "Me, Myself-Ie, And I", "15ml", "1110255" , 1, 0 ),
(509, 1, "Pretty As A Pink-Tune", "15ml", "1110256" , 1, 0 ),
(510, 1, "Woke Up This Way", "15ml", "1110257" , 1, 0 ),
(511, 1, "Best Face Forward", "15ml", "1110258" , 1, 0 ),
(512, 1, "No Filter Needed", "15ml", "1110259" , 1, 0 ),
(513, 2, "BATA NEGRA GOLDWELL", "PZA", "208" , 1, 0 ),
(514, 2, "FOLLETO DE ALACIADO", "PZA", "433" , 1, 0 ),
(515, 2, "PLAYERA GOLDWELL MUJER VERDE", "PZA", "2755" , 1, 0 ),
(516, 2, "PLAYERA GOLDWELL MUJER FIUCHA", "PZA", "2756" , 1, 0 ),
(517, 2, "PLAYERA GOLDWELL MUJER NARANJA", "PZA", "2757" , 1, 0 ),
(518, 2, "7OO MAX - Sensational Orange", "250ML", "200168" , 1, 0 ),
(519, 2, "7RO MAX - Striking Red Cooper", "250ML", "200169" , 1, 0 ),
(520, 2, "7RR MAX - Luscious  Red", "250ML", "200170" , 1, 0 ),
(521, 2, "6RR MAX - Dramatic Red", "250ML", "200171" , 1, 0 ),
(522, 2, "5RR MAX - Deep Red", "250ML", "200172" , 1, 0 ),
(523, 2, "6RV MAX - Stunning Purple", "250ML", "200173" , 1, 0 ),
(524, 2, "6VV MAX - Vivid Violet", "250ML", "200174" , 1, 0 ),
(525, 2, "5VV MAX - Very Violet", "250ML", "200175" , 1, 0 ),
(526, 2, "5VA", "250ML", "200179" , 1, 0 ),
(527, 2, "7KV", "250ML", "200180" , 1, 0 ),
(528, 2, "3NN", "250ML", "200183" , 1, 0 ),
(529, 2, "4NN", "250ML", "200184" , 1, 0 ),
(530, 2, "5NN", "250ML", "200185" , 1, 0 ),
(531, 2, "6NN", "250ML", "200186" , 1, 0 ),
(532, 2, "7NN", "250ML", "200187" , 1, 0 ),
(533, 2, "8NN", "250ML", "200188" , 1, 0 ),
(534, 2, "9NN", "250ML", "200189" , 1, 0 ),
(535, 2, "7PK", "250ML", "200190" , 1, 0 ),
(536, 2, "5BV", "250ML", "200191" , 1, 0 ),
(537, 2, "11G", "250ML", "200241" , 1, 0 ),
(538, 2, "VIOLET ASH NEUTRALIGHTS", "250ML", "200263" , 1, 0 ),
(539, 2, "ASH ASH NEUTRALIGHTS", "250ML", "200265" , 1, 0 ),
(540, 2, "4BP", "250ML", "200279" , 1, 0 ),
(541, 2, "5BP", "250ML", "200280" , 1, 0 ),
(542, 2, "6BP", "250ML", "200281" , 1, 0 ),
(543, 2, "5BM", "250ML", "200282" , 1, 0 ),
(544, 2, "6BM", "250ML", "200283" , 1, 0 ),
(545, 2, "6BS", "250ML", "200284" , 1, 0 ),
(546, 2, "2N", "250ML", "200302" , 1, 0 ),
(547, 2, "3N", "250ML", "200303" , 1, 0 ),
(548, 2, "4N", "250ML", "200304" , 1, 0 ),
(549, 2, "5N", "250ML", "200305" , 1, 0 ),
(550, 2, "6N", "250ML", "200306" , 1, 0 ),
(551, 2, "7N", "250ML", "200307" , 1, 0 ),
(552, 2, "8N", "250ML", "200308" , 1, 0 ),
(553, 2, "9N", "250ML", "200309" , 1, 0 ),
(554, 2, "10N", "250ML", "200310" , 1, 0 ),
(555, 2, "11N", "250ML", "200311" , 1, 0 ),
(556, 2, "3NA", "250ML", "200312" , 1, 0 ),
(557, 2, "4NA", "250ML", "200314" , 1, 0 ),
(558, 2, "5NA", "250ML", "200315" , 1, 0 ),
(559, 2, "6NA", "250ML", "200316" , 1, 0 ),
(560, 2, "7NA", "250ML", "200317" , 1, 0 ),
(561, 2, "8NA", "250ML", "200318" , 1, 0 ),
(562, 2, "9NA", "250ML", "200319" , 1, 0 ),
(563, 2, "MIX TONOS A-MIX", "250ML", "200320" , 1, 0 ),
(564, 2, "2A", "250ML", "200322" , 1, 0 ),
(565, 2, "5A", "250ML", "200325" , 1, 0 ),
(566, 2, "6A", "250ML", "200326" , 1, 0 ),
(567, 2, "7A", "250ML", "200327" , 1, 0 ),
(568, 2, "8A", "250ML", "200328" , 1, 0 ),
(569, 2, "9A", "250ML", "200329" , 1, 0 ),
(570, 2, "10A", "250ML", "200330" , 1, 0 ),
(571, 2, "11A", "250ML", "200331" , 1, 0 ),
(572, 2, "4G", "250ML", "200344" , 1, 0 ),
(573, 2, "6G", "250ML", "200346" , 1, 0 ),
(574, 2, "7G", "250ML", "200347" , 1, 0 ),
(575, 2, "8G", "250ML", "200348" , 1, 0 ),
(576, 2, "9G", "250ML", "200349" , 1, 0 ),
(577, 2, "7GB", "250ML", "200351" , 1, 0 ),
(578, 2, "8GB", "250ML", "200352" , 1, 0 ),
(579, 2, "9GB", "250ML", "200353" , 1, 0 ),
(580, 2, "10GB", "250ML", "200354" , 1, 0 ),
(581, 2, "5K", "250ML", "200355" , 1, 0 ),
(582, 2, "6K", "250ML", "200356" , 1, 0 ),
(583, 2, "7K", "250ML", "200357" , 1, 0 ),
(584, 2, "8K", "250ML", "200358" , 1, 0 ),
(585, 2, "MIX TONOS KK-MIX", "250ML", "200360" , 1, 0 ),
(586, 2, "6KG", "250ML", "200366" , 1, 0 ),
(587, 2, "7KG", "250ML", "200367" , 1, 0 ),
(588, 2, "8KG", "250ML", "200368" , 1, 0 ),
(589, 2, "3VV", "250ML", "200373" , 1, 0 ),
(590, 2, "4R", "250ML", "200374" , 1, 0 ),
(591, 2, "5R", "250ML", "200375" , 1, 0 ),
(592, 2, "6R", "250ML", "200376" , 1, 0 ),
(593, 2, "MIX TONOS RR-MIX", "250ML", "200381" , 1, 0 ),
(594, 2, "5RB", "250ML", "200385" , 1, 0 ),
(595, 2, "6RB", "250ML", "200386" , 1, 0 ),
(596, 2, "7RB", "250ML", "200387" , 1, 0 ),
(597, 2, "4V", "250ML", "200404" , 1, 0 ),
(598, 2, "10V", "250ML", "200410" , 1, 0 ),
(599, 2, "11V", "250ML", "200411" , 1, 0 ),
(600, 2, "11SV", "250ML", "200412" , 1, 0 ),
(601, 2, "MIX TONOS VV-MIX", "250ML", "200413" , 1, 0 ),
(602, 2, "4B", "250ML", "200414" , 1, 0 ),
(603, 2, "5B", "250ML", "200415" , 1, 0 ),
(604, 2, "6B", "250ML", "200416" , 1, 0 ),
(605, 2, "7B", "250ML", "200417" , 1, 0 ),
(606, 2, "8B", "250ML", "200418" , 1, 0 ),
(607, 2, "11B", "250ML", "200421" , 1, 0 ),
(608, 2, "MIX TONOS P-MIX", "250ML", "200425" , 1, 0 ),
(609, 2, "10P", "250ML", "200430" , 1, 0 ),
(610, 2, "11P", "250ML", "200431" , 1, 0 ),
(611, 2, "6KR", "250ML", "200436" , 1, 0 ),
(612, 2, "7BN", "250ML", "200437" , 1, 0 ),
(613, 2, "8KN", "250ML", "200438" , 1, 0 ),
(614, 2, "9GN", "250ML", "200439" , 1, 0 ),
(615, 2, "7KR", "250ML", "200447" , 1, 0 ),
(616, 2, "BLONDING CREAM NEUTRALIGHTS", "250ML", "200449" , 1, 0 ),
(617, 2, "BLONDING CREAM ASH NEUTRALIGHTS", "250ML", "200451" , 1, 0 ),
(618, 2, "5BG", "250ML", "200454" , 1, 0 ),
(619, 2, "6SB SILVER BROWN", "250ML", "200456" , 1, 0 ),
(620, 2, "7SB SILVER BEIGE", "250ML", "200457" , 1, 0 ),
(621, 2, "8SB SILVER BLONDE", "250ML", "200458" , 1, 0 ),
(622, 2, "9N@BS", "250ML", "200459" , 1, 0 ),
(623, 2, "9N@BP", "250ML", "200460" , 1, 0 ),
(624, 2, "8N@KK", "250ML", "200461" , 1, 0 ),
(625, 2, "8N@GB", "250ML", "200462" , 1, 0 ),
(626, 2, "8N@BS", "250ML", "200463" , 1, 0 ),
(627, 2, "7N@BP", "250ML", "200464" , 1, 0 ),
(628, 2, "7N@BK", "250ML", "200465" , 1, 0 ),
(629, 2, "6N@RV", "250ML", "200466" , 1, 0 ),
(630, 2, "7N@RR", "250ML", "200467" , 1, 0 ),
(631, 2, "6N@KK", "250ML", "200468" , 1, 0 ),
(632, 2, "6N@GB", "250ML", "200469" , 1, 0 ),
(633, 2, "5N@RR", "250ML", "200470" , 1, 0 ),
(634, 2, "5N@BP", "250ML", "200471" , 1, 0 ),
(635, 2, "5N@BK", "250ML", "200472" , 1, 0 ),
(636, 2, "MIX TONOS GG-MIX", "250ML", "200510" , 1, 0 ),
(637, 2, "12BM", "250ML", "200569" , 1, 0 ),
(638, 2, "12BN", "250ML", "200570" , 1, 0 ),
(639, 2, "12BS", "250ML", "200571" , 1, 0 ),
(640, 2, "7BG", "250ML", "200717" , 1, 0 ),
(641, 2, "4MG", "250ML", "200721" , 1, 0 ),
(642, 2, "5RS", "250ML", "200722" , 1, 0 ),
(643, 2, "6KS", "250ML", "200723" , 1, 0 ),
(644, 2, "5GB", "250ML", "200735" , 1, 0 ),
(645, 2, "6GB", "250ML", "200736" , 1, 0 ),
(646, 2, "5MB", "250ML", "200745" , 1, 0 ),
(647, 2, "6MB", "250ML", "200746" , 1, 0 ),
(648, 2, "7MB", "250ML", "200747" , 1, 0 ),
(649, 2, "DECOLORANTES SILK LIFT SERUM", "30 ML", "201159" , 1, 0 ),
(650, 2, "DECOLORANTES SILK LIFT LOTION 10 VOL.", "750 ML", "201161" , 1, 0 ),
(651, 2, "DECOLORANTES SILK LIFT LOTION 20 VOL.", "750 ML", "201162" , 1, 0 ),
(652, 2, "DECOLORANTES SILK LIFT LOTION 30 VOL.", "750 ML", "201163" , 1, 0 ),
(653, 2, "DECOLORANTES SILK LIFT HIGH PERF LIGHT (AZUL)", "500 ML", "201164" , 1, 0 ),
(654, 2, "DECOLORANTES SILK LIFT HIGH PERF LIGHT  SIN AMONIA (ROSA)", "500 ML", "201165" , 1, 0 ),
(655, 2, "COLORANCE LOTION", "1L", "201218" , 1, 0 ),
(656, 2, "COLORANCE COVER PLUS LOTION", "1L", "201219" , 1, 0 ),
(657, 2, "COLORANCE EXPRESS TONING LOTION", "1L", "201220" , 1, 0 ),
(658, 2, "10VOLS (3%)", "1LT", "201243" , 1, 0 ),
(659, 2, "20VOLS (6%)", "1LT", "201244" , 1, 0 ),
(660, 2, "30VOLS (9%)", "1LT", "201247" , 1, 0 ),
(661, 2, "40VOLS (12%)", "1LT", "201248" , 1, 0 ),
(662, 2, "LOWLIGHTS LOTION", "1L", "201250" , 1, 0 ),
(663, 2, "MEN RESHADE SET DEV CONC  SET", "250 ML", "201256" , 1, 0 ),
(664, 2, "Elumen Wash", "250 ml", "201273" , 1, 0 ),
(665, 2, "Elumen Wash", "1 LT", "201274" , 1, 0 ),
(666, 2, "Elumen Prepare", "150 ml", "201276" , 1, 0 ),
(667, 2, "Elumen Return", "250 ml", "201277" , 1, 0 ),
(668, 2, "Elumen Clean", "250 ml", "201278" , 1, 0 ),
(669, 2, "Elumen Lock", "250 ml", "201279" , 1, 0 ),
(670, 2, "Elumen Care Spray", "150 ml", "201281" , 1, 0 ),
(671, 2, "Elumen Treat 125ml", "125 ml", "201287" , 1, 0 ),
(672, 2, "Elumen Treat 1lt", "1 LT", "201288" , 1, 0 ),
(673, 2, "SYSTEM COLOR REMOVER HAIR", "2 X  50 ML", "201298" , 1, 0 ),
(674, 2, "SYSTEM SKIN COLOR REMOVER", "150ML", "201299" , 1, 0 ),
(675, 2, "DECOLORANTES OXICUR PLATIN DUSTFREE 500gr", "500GR", "201308" , 1, 0 ),
(676, 2, "DECOLORANTES OXICUR PLATIN DUSTFREE 1000gr", "1000GR", "201310" , 1, 0 ),
(677, 2, "NECTAYA TB 2N", "60 ML", "201850" , 1, 0 ),
(678, 2, "NECTAYA TB 3N", "60 ML", "201851" , 1, 0 ),
(679, 2, "NECTAYA TB 4N", "60 ML", "201852" , 1, 0 ),
(680, 2, "NECTAYA TB 5N", "60 ML", "201853" , 1, 0 ),
(681, 2, "NECTAYA TB 6N", "60 ML", "201854" , 1, 0 ),
(682, 2, "NECTAYA TB 7N", "60 ML", "201855" , 1, 0 ),
(683, 2, "NECTAYA TB 8N", "60 ML", "201856" , 1, 0 ),
(684, 2, "NECTAYA TB 9N", "60 ML", "201857" , 1, 0 ),
(685, 2, "NECTAYA TB 10N", "60 ML", "201858" , 1, 0 ),
(686, 2, "NECTAYA TB 5NN", "60 ML", "201859" , 1, 0 ),
(687, 2, "NECTAYA TB 6NN", "60 ML", "201860" , 1, 0 ),
(688, 2, "NECTAYA TB 7NN", "60 ML", "201861" , 1, 0 ),
(689, 2, "NECTAYA TB 8NN", "60 ML", "201862" , 1, 0 ),
(690, 2, "NECTAYA TB 7G", "60 ML", "201863" , 1, 0 ),
(691, 2, "NECTAYA TB 8G", "60 ML", "201864" , 1, 0 ),
(692, 2, "NECTAYA TB 7BN", "60 ML", "201865" , 1, 0 ),
(693, 2, "NECTAYA TB 9BN", "60 ML", "201866" , 1, 0 ),
(694, 2, "NECTAYA TB 6B", "60 ML", "201867" , 1, 0 ),
(695, 2, "NECTAYA TB 5BG", "60 ML", "201868" , 1, 0 ),
(696, 2, "NECTAYA TB 7GB", "60 ML", "201869" , 1, 0 ),
(697, 2, "NECTAYA TB 6RB", "60 ML", "201870" , 1, 0 ),
(698, 2, "NECTAYA TB 4K", "60 ML", "201871" , 1, 0 ),
(699, 2, "NECTAYA TB 6KG", "60 ML", "201872" , 1, 0 ),
(700, 2, "NECTAYA TB 8K", "60 ML", "201873" , 1, 0 ),
(701, 2, "NECTAYA TB 5BK", "60 ML", "201874" , 1, 0 ),
(702, 2, "NECTAYA TB 6R", "60 ML", "201876" , 1, 0 ),
(703, 2, "NECTAYA TB 4BV", "60 ML", "201877" , 1, 0 ),
(704, 2, "NECTAYA TB 5MB", "60 ML", "201878" , 1, 0 ),
(705, 2, "NECTAYA TB 6NA", "60 ML", "201879" , 1, 0 ),
(706, 2, "NECTAYA TB 7NA", "60 ML", "201880" , 1, 0 ),
(707, 2, "NECTAYA TB 9NA", "60 ML", "201881" , 1, 0 ),
(708, 2, "NECTAYA TB 6BS", "60 ML", "201882" , 1, 0 ),
(709, 2, "NECTAYA TB 10BS", "60 ML", "201883" , 1, 0 ),
(710, 2, "NECTAYA TB 3VV", "60 ML", "201884" , 1, 0 ),
(711, 2, "NECTAYA TB 6VV", "60 ML", "201885" , 1, 0 ),
(712, 2, "NECTAYA TB 10BA", "60 ML", "201886" , 1, 0 ),
(713, 2, "NECTAYA TB 10BG", "60 ML", "201887" , 1, 0 ),
(714, 2, "NECTAYA TB 8BA", "60 ML", "201888" , 1, 0 ),
(715, 2, "NECTAYA TB 6K", "60 ML", "201889" , 1, 0 ),
(716, 2, "NECTAYA LOCION 10 VOL. 725 ML", "725 ML", "201890" , 1, 0 ),
(717, 2, "NECTAYA LOCION 20 VOL. 725 ML", "725 ML", "201891" , 1, 0 ),
(718, 2, "NECTAYA LOTION 30 VOL. 725 ML", "725 ML", "201892" , 1, 0 ),
(719, 2, "NECTAYA LOCION 40 VOL. 725 ML", "725 ML", "201893" , 1, 0 ),
(720, 2, "NECTAYA TB 4B", "60 ML", "201896" , 1, 0 ),
(721, 2, "NECTAYA TB RR-MIX", "60 ML", "201898" , 1, 0 ),
(722, 2, "NECTAYA TB GG-MIX", "60 ML", "201899" , 1, 0 ),
(723, 2, "NECTAYA TB 11G", "60 ML", "202144" , 1, 0 ),
(724, 2, "NECTAYA TB 11N", "60 ML", "202145" , 1, 0 ),
(725, 2, "NECTAYA TB 11P", "60 ML", "202146" , 1, 0 ),
(726, 2, "NECTAYA TB 11BS", "60 ML", "202147" , 1, 0 ),
(727, 2, "NECTAYA TB 11B", "60 ML", "202148" , 1, 0 ),
(728, 2, "NECTAYA TB BLONDING CREAM", "60 ML", "202149" , 1, 0 ),
(729, 2, "FOR MEN REFRESH MINT SHAMPOO", "300 ML", "202415" , 1, 0 ),
(730, 2, "FOR MEN REFRESH MINT SHAMPOO", "1500 ML", "202416" , 1, 0 ),
(731, 2, "Anti-Caspa Shampoo", "250ml", "202428" , 1, 0 ),
(732, 2, "FOR MEN HAIR & BODY SHAMPOO", "300 ML", "202440" , 1, 0 ),
(733, 2, "FOR MEN THICKENING SHAMPOO", "300 ML", "202441" , 1, 0 ),
(734, 2, "FOR MEN THICKENING SHAMPOO", "1500 ML", "202443" , 1, 0 ),
(735, 2, "DS REGULATION DEEP CLEANSING SHAMPOO", "1500ml", "202486" , 1, 0 ),
(736, 2, "FOR MEN HAIR & BODY SHAMPOO", "300 ML", "202577" , 1, 0 ),
(737, 2, "FOR MEN HAIR & BODY SHAMPOO", "1500 ML", "202578" , 1, 0 ),
(738, 2, "FOR MEN THICKENING SHAMPOO", "300 ML", "202579" , 1, 0 ),
(739, 2, "DS RICH REPAIR SHAMPOO 300 ML", "300 ML", "202593" , 1, 0 ),
(740, 2, "DS R REP CREAM SHAMPOO", "1500ml", "202595" , 1, 0 ),
(741, 2, "Color Anti Deslave Shampoo", "300 ml", "202602" , 1, 0 ),
(742, 2, "Color Anti Deslave Shampoo", "1500ml", "202604" , 1, 0 ),
(743, 2, "Color ER Anti Deslave Shampoo", "300 ml", "202609" , 1, 0 ),
(744, 2, "BL&HL Anti cobrizo Shampoo", "300ml", "202613" , 1, 0 ),
(745, 2, "BL&HL Anti cobrizo Shampoo", "1500ml", "202615" , 1, 0 ),
(746, 2, "DS UV BOOST SHAMPOO", "300 ML", "202619" , 1, 0 ),
(747, 2, "CURLY TWIST SHAMPOO", "300 ML", "202643" , 1, 0 ),
(748, 2, "Limpieza Profunda Shampoo", "250ml", "202651" , 1, 0 ),
(749, 2, "Sensitive Shampoo", "250ml", "202654" , 1, 0 ),
(750, 2, "SHAMPOO PURIFICADOR", "1 LT", "202730" , 1, 0 ),
(751, 2, "ULTRA RICH SHAMPOO 250ml", "250ML", "202771" , 1, 0 ),
(752, 2, "ULTRA RICH SHAMPOO 500ml", "500ML", "202781" , 1, 0 ),
(753, 2, "ULTRA RICH SHAMPOO", "1 LT", "202791" , 1, 0 ),
(754, 2, "S'nS Agente 1 Type R", "400 ml", "203100" , 1, 0 ),
(755, 2, "S'nS Agente 1 Type P", "400 ml", "203106" , 1, 0 ),
(756, 2, "S'nS Agente 2 R/P (Neutralizer)", "400 ml", "204110" , 1, 0 ),
(757, 2, "ELIXI OIL", "100 ML", "205015" , 1, 0 ),
(758, 2, "S'nS Protector", "400 ml", "205160" , 1, 0 ),
(759, 2, "S'nS Optimizer", "150 ml", "205170" , 1, 0 ),
(760, 2, "Curly Twist Ampolletas", "12 X 18 ml", "205479" , 1, 0 ),
(761, 2, "ULTRA VOLUME 60 SEG TREATMENT", "200 ML", "205497" , 1, 0 ),
(762, 2, "FOR MEN ACTIVATING SCALP TONIC", "125 ML", "205505" , 1, 0 ),
(763, 2, "Color Anti Deslave Acondicionador", "300 ml", "205538" , 1, 0 ),
(764, 2, "Color Anti Deslave Acondicionador", "1500ml", "205540" , 1, 0 ),
(765, 2, "Color Suero en Spray para brillo", "150 ml", "205543" , 1, 0 ),
(766, 2, "Color ER Anti Deslave Acondicionador", "300 ml", "205546" , 1, 0 ),
(767, 2, "Color ER Suero en Spray para brillo", "150 ml", "205548" , 1, 0 ),
(768, 2, "Color ER Anti Deslave Tratamiento 60 seg", "200 ml", "205549" , 1, 0 ),
(769, 2, "Color ER Anti Deslave Tratamiento 60 seg", "450 ml", "205550" , 1, 0 ),
(770, 2, "BL&HL Anti cobrizo Acondicionador", "300ml", "205553" , 1, 0 ),
(771, 2, "BL&HL Ampolleta en Spray para brillo", "150ml", "205554" , 1, 0 ),
(772, 2, "BL&HL Anti Cobrizo Tratamiento 60 seg", "200ml", "205555" , 1, 0 ),
(773, 2, "BL&HL Anti cobrizo Tratamiento 60 seg", "450 ml", "205556" , 1, 0 ),
(774, 2, "Color Ampolletas para sellar el color", "12 X 18 ml", "205557" , 1, 0 ),
(775, 2, "Color ER Ampolletas para sellar el color", "12 X 18 ml", "205558" , 1, 0 ),
(776, 2, "BL&HL Ampolletas para cabello rubio o con luces", "12 X 18 ml", "205559" , 1, 0 ),
(777, 2, "Color Spray equalizador", "150 ml", "205560" , 1, 0 ),
(778, 2, "DS UV VOL SUEROEN SPRAY", "150 ML", "205570" , 1, 0 ),
(779, 2, "DS UV SHAMPOO EN SECO", "250 ML", "205571" , 1, 0 ),
(780, 2, "CURLY TWIST 60 SEG TREATMENT", "200 ML", "205576" , 1, 0 ),
(781, 2, "DS CURLY TWIST DEANG SPR CONDITIONER", "150 ML", "205577" , 1, 0 ),
(782, 2, "DS RR ANTI BREAKAGE CONDITIONER 300 ML", "300 ML", "205582" , 1, 0 ),
(783, 2, "DS RR ANTI BREAKAGE CONDITIONER", "1500ml", "205584" , 1, 0 ),
(784, 2, "DS R REP 60 SEC TRATMENT 200 ML", "200 ML", "205587" , 1, 0 ),
(785, 2, "DS RR 60 SEG TREATMENT", "1500ml", "205588" , 1, 0 ),
(786, 2, "DS RR THERMO TREATMENT 150 ML", "150 ML", "205589" , 1, 0 ),
(787, 2, "DS RR SERUM EFFECTS", "100 ML", "205590" , 1, 0 ),
(788, 2, "DS RR REGENERATION SERUM 12 X 18 ML", "12 X 18 ml", "205591" , 1, 0 ),
(789, 2, "DS UV LIGHTWEIGHT CONDITIONER", "300 ML", "205595" , 1, 0 ),
(790, 2, "DEEP SMOOTHING MASK", "190 ML", "205659" , 1, 0 ),
(791, 2, "KERATINE SHAPE", "500ML", "205660" , 1, 0 ),
(792, 2, "KERATINE SHAPE INTENSIVO", "500ML", "205662" , 1, 0 ),
(793, 2, "KERATIN SMOOTH", "500ML", "205664" , 1, 0 ),
(794, 2, "KERATIN SMOOTH INTENSIVO", "500ML", "205666" , 1, 0 ),
(795, 2, "AMPOLLETAS", "12 X 18 ml", "205668" , 1, 0 ),
(796, 2, "INSTANT SILK FLUID", "100 ML", "205734" , 1, 0 ),
(797, 2, "ULTRA RICH CARE TREATMENT", "1 LT", "205735" , 1, 0 ),
(798, 2, "ULTRA RICH CARE TREATMENT 500ml", "500ML", "205736" , 1, 0 ),
(799, 2, "ULTRA RICH CARE TREATMENT 150ml", "150ML", "205737" , 1, 0 ),
(800, 2, "ULTRA RICH OIL", "100 ML", "205739" , 1, 0 ),
(801, 2, "PROTECT LOTION", "100ML", "205930" , 1, 0 ),
(802, 2, "CARE TREATMENT", "150ML", "205933" , 1, 0 ),
(803, 2, "ELUMEN RR@ALL", "200 ML", "210855" , 1, 0 ),
(804, 2, "ELUMEN VV@ALL", "200 ML", "210856" , 1, 0 ),
(805, 2, "ELUMEN KK@ALL", "200 ML", "210857" , 1, 0 ),
(806, 2, "ELUMEN RV@ALL", "200 ML", "210858" , 1, 0 ),
(807, 2, "ELUMEN GK@ALL", "200 ML", "210859" , 1, 0 ),
(808, 2, "ELUMEN BL@ALL", "200 ML", "210860" , 1, 0 ),
(809, 2, "ELUMEN GN@ALL", "200 ML", "210861" , 1, 0 ),
(810, 2, "ELUMEN PK@ALL", "200 ML", "210862" , 1, 0 ),
(811, 2, "ELUMEN YY@ALL", "200 ML", "210863" , 1, 0 ),
(812, 2, "ELUMEN TQ@ALL (NUEVO)", "200 ML", "210864" , 1, 0 ),
(813, 2, "ELUMEN BG@7", "200 ML", "210865" , 1, 0 ),
(814, 2, "ELUMEN KB@7", "200 ML", "210866" , 1, 0 ),
(815, 2, "ELUMEN GB@9", "200 ML", "210867" , 1, 0 ),
(816, 2, "ELUMEN AB@9", "200 ML", "210868" , 1, 0 ),
(817, 2, "ELUMEN SB@10 (NUEVO)", "200 ML", "210869" , 1, 0 ),
(818, 2, "ELUMEN NB@10 (NUEVO)", "200 ML", "210870" , 1, 0 ),
(819, 2, "ELUMEN SV@10 (NUEVO)", "200 ML", "210871" , 1, 0 ),
(820, 2, "ELUMEN NA@2", "200 ML", "210872" , 1, 0 ),
(821, 2, "ELUMEN NB@4", "200 ML", "210873" , 1, 0 ),
(822, 2, "ELUMEN NB@5", "200 ML", "210874" , 1, 0 ),
(823, 2, "ELUMEN AN@5 (NUEVO)", "200 ML", "210875" , 1, 0 ),
(824, 2, "ELUMEN NG@6", "200 ML", "210876" , 1, 0 ),
(825, 2, "ELUMEN AB@6", "200 ML", "210877" , 1, 0 ),
(826, 2, "ELUMEN BG@6", "200 ML", "210878" , 1, 0 ),
(827, 2, "ELUMEN BK@6", "200 ML", "210879" , 1, 0 ),
(828, 2, "ELUMEN BR@6", "200 ML", "210880" , 1, 0 ),
(829, 2, "ELUMEN NA@8 (NUEVO)", "200 ML", "210881" , 1, 0 ),
(830, 2, "ELUMEN BM@6 (NUEVO)", "200 ML", "210882" , 1, 0 ),
(831, 2, "ELUMEN CLEAR", "200 ML", "210883" , 1, 0 ),
(832, 2, "5BG", "120ML", "211135" , 1, 0 ),
(833, 2, "6SB SILVER BROWN", "120ML", "211136" , 1, 0 ),
(834, 2, "8SB", "120ML", "211138" , 1, 0 ),
(835, 2, "10 SILVER (EXPRESS TONING)", "120ML", "211141" , 1, 0 ),
(836, 2, "10 CHAMPAGNE (EXPRESS TONING)", "120ML", "211142" , 1, 0 ),
(837, 2, "10 CRÈME (EXPRESS TONING)", "120ML", "211143" , 1, 0 ),
(838, 2, "4NN (COVER PLUS)", "120ML", "211144" , 1, 0 ),
(839, 2, "5NN (COVER PLUS)", "120ML", "211145" , 1, 0 ),
(840, 2, "6NN (COVER PLUS)", "120ML", "211146" , 1, 0 ),
(841, 2, "7NN (COVER PLUS)", "120ML", "211147" , 1, 0 ),
(842, 2, "8NN (COVER PLUS)", "120ML", "211148" , 1, 0 ),
(843, 2, "9NN (COVER PLUS)", "120ML", "211149" , 1, 0 ),
(844, 2, "10G", "120ML", "211150" , 1, 0 ),
(845, 2, "6RO", "120ML", "211152" , 1, 0 ),
(846, 2, "7RO", "120ML", "211157" , 1, 0 ),
(847, 2, "5VA", "120ML", "211158" , 1, 0 ),
(848, 2, "7KV", "120ML", "211159" , 1, 0 ),
(849, 2, "LOWLIGHT 7-8 WARM", "120ML", "211170" , 1, 0 ),
(850, 2, "LOWLIGHT 7-8 NATURAL", "120ML", "211171" , 1, 0 ),
(851, 2, "LOWLIGHT 6-7 WARM", "120ML", "211172" , 1, 0 ),
(852, 2, "LOWLIGHT 6-7 NEUTRAL", "120ML", "211173" , 1, 0 ),
(853, 2, "10BS", "120ML", "211181" , 1, 0 ),
(854, 2, "10BG", "120ML", "211182" , 1, 0 ),
(855, 2, "2N", "120ML", "211202" , 1, 0 ),
(856, 2, "3N", "120ML", "211203" , 1, 0 ),
(857, 2, "4N", "120ML", "211204" , 1, 0 ),
(858, 2, "5N", "120ML", "211205" , 1, 0 ),
(859, 2, "6N", "120ML", "211206" , 1, 0 ),
(860, 2, "7N", "120ML", "211207" , 1, 0 ),
(861, 2, "8N", "120ML", "211208" , 1, 0 ),
(862, 2, "9N", "120ML", "211209" , 1, 0 ),
(863, 2, "10N", "120ML", "211210" , 1, 0 ),
(864, 2, "9 SILVER (EXPRESS TONING)", "120ML", "211211" , 1, 0 ),
(865, 2, "9 CHAMPAGNE (EXPRESS TONING)", "120ML", "211212" , 1, 0 ),
(866, 2, "9 CRÈME (EXPRESS TONING)", "120ML", "211213" , 1, 0 ),
(867, 2, "5K", "120ML", "211215" , 1, 0 ),
(868, 2, "6KG", "120ML", "211216" , 1, 0 ),
(869, 2, "7NA", "120ML", "211217" , 1, 0 ),
(870, 2, "9NA", "120ML", "211219" , 1, 0 ),
(871, 2, "2A", "120ML", "211222" , 1, 0 ),
(872, 2, "6A", "120ML", "211226" , 1, 0 ),
(873, 2, "3V V MAX  - Dark Violet", "120ML", "211233" , 1, 0 ),
(874, 2, "4G", "120ML", "211234" , 1, 0 ),
(875, 2, "5VV", "120ML", "211235" , 1, 0 ),
(876, 2, "6VV", "120ML", "211236" , 1, 0 ),
(877, 2, "7G", "120ML", "211237" , 1, 0 ),
(878, 2, "8G", "120ML", "211238" , 1, 0 ),
(879, 2, "8RP", "120ML", "211242" , 1, 0 ),
(880, 2, "4BP", "120ML", "211244" , 1, 0 ),
(881, 2, "5BP", "120ML", "211245" , 1, 0 ),
(882, 2, "6BP", "120ML", "211246" , 1, 0 ),
(883, 2, "8GB", "120ML", "211248" , 1, 0 ),
(884, 2, "9GB", "120ML", "211249" , 1, 0 ),
(885, 2, "6K", "120ML", "211256" , 1, 0 ),
(886, 2, "8K", "120ML", "211258" , 1, 0 ),
(887, 2, "7KG", "120ML", "211267" , 1, 0 ),
(888, 2, "9KG", "120ML", "211269" , 1, 0 ),
(889, 2, "6KR", "120ML", "211276" , 1, 0 ),
(890, 2, "4R", "120ML", "211284" , 1, 0 ),
(891, 2, "5R", "120ML", "211285" , 1, 0 ),
(892, 2, "6R", "120ML", "211286" , 1, 0 ),
(893, 2, "5KG", "120ML", "211295" , 1, 0 ),
(894, 2, "7PK", "120ML", "211298" , 1, 0 ),
(895, 2, "5RB", "120ML", "211305" , 1, 0 ),
(896, 2, "6RB", "120ML", "211306" , 1, 0 ),
(897, 2, "7RB", "120ML", "211307" , 1, 0 ),
(898, 2, "8BA", "120ML", "211308" , 1, 0 ),
(899, 2, "9BA", "120ML", "211309" , 1, 0 ),
(900, 2, "10BA", "120ML", "211310" , 1, 0 ),
(901, 2, "4V", "120ML", "211314" , 1, 0 ),
(902, 2, "5V", "120ML", "211315" , 1, 0 ),
(903, 2, "8OR", "120ML", "211318" , 1, 0 ),
(904, 2, "10V", "120ML", "211320" , 1, 0 ),
(905, 2, "5B", "120ML", "211325" , 1, 0 ),
(906, 2, "6B", "120ML", "211326" , 1, 0 ),
(907, 2, "7B", "120ML", "211327" , 1, 0 ),
(908, 2, "3VR", "120ML", "211333" , 1, 0 ),
(909, 2, "10P", "120ML", "211340" , 1, 0 ),
(910, 2, "CLEAR", "120ML", "211341" , 1, 0 ),
(911, 2, "7NGP (COVER PLUS)", "120ML", "211346" , 1, 0 ),
(912, 2, "7NBK (COVER PLUS)", "120ML", "211358" , 1, 0 ),
(913, 2, "6NBR (COVER PLUS)", "120ML", "211359" , 1, 0 ),
(914, 2, "7BG", "120ML", "211372" , 1, 0 ),
(915, 2, "5MB", "120ML", "211373" , 1, 0 ),
(916, 2, "7MB", "120ML", "211375" , 1, 0 ),
(917, 2, "8N@BS", "120ML", "211376" , 1, 0 ),
(918, 2, "7N@BP", "120ML", "211377" , 1, 0 ),
(919, 2, "7N@BK", "120ML", "211378" , 1, 0 ),
(920, 2, "6N@RV", "120ML", "211379" , 1, 0 ),
(921, 2, "6N@KK", "120ML", "211380" , 1, 0 ),
(922, 2, "6N@GB", "120ML", "211381" , 1, 0 ),
(923, 2, "5N@RR", "120ML", "211382" , 1, 0 ),
(924, 2, "5N@BP", "120ML", "211383" , 1, 0 ),
(925, 2, "5N@BK", "120ML", "211384" , 1, 0 ),
(926, 2, "7RR", "120ML", "211457" , 1, 0 ),
(927, 2, "5BV", "120ML", "211458" , 1, 0 ),
(928, 2, "10BB", "120ML", "211459" , 1, 0 ),
(929, 2, "ACID COLOR  EN TUBO TB RR-MIX", "60 ML", "211660" , 1, 0 ),
(930, 2, "ACID COLOR  EN TUBO TB KK-MIX", "60 ML", "211661" , 1, 0 ),
(931, 2, "ACID COLOR  EN TUBO TB P-MIX", "60 ML", "211663" , 1, 0 ),
(932, 2, "ACID COLOR  EN TUBO TB VV-MIX", "60 ML", "211665" , 1, 0 ),
(933, 2, "MEN RESHADE 7CA 4SHOTS X 20 ML", "4 X 20 ML", "214003" , 1, 0 ),
(934, 2, "MEN RESHADE 8CA 4SHOTS X 20 ML", "4 X 20 ML", "214004" , 1, 0 ),
(935, 2, "MEN RESHADE 5CA 4SHOTS X 20 ML", "4 X 20 ML", "214006" , 1, 0 ),
(936, 2, "MEN RESHADE 6CA 4SHOTS X 20 ML", "4 X 20 ML", "214007" , 1, 0 ),
(937, 2, "MEN RESHADE 4CA 4SHOTS X 20 ML (NUEVO)", "4 X 20 ML", "214010" , 1, 0 ),
(938, 2, "REVITALIZE LOTION", "100ML", "226930" , 1, 0 ),
(939, 2, "FOR MEN POWER GEL 150 ML", "150 ML", "226960" , 1, 0 ),
(940, 2, "TOP WHIP VOLUME 300ml", "300ML", "227695" , 1, 0 ),
(941, 2, "TOP WHIP VOLUME 100ml", "100ML", "227696" , 1, 0 ),
(942, 2, "POWER WHIP VOLUME", "300ML", "227724" , 1, 0 ),
(943, 2, "STYLESIGN SATIN GUARD 200 ML", "200 ML", "227829" , 1, 0 ),
(944, 2, "STYLESIGN JUST SMOOTH - Fijación 1", "150 ML", "227830" , 1, 0 ),
(945, 2, "STYLESIGN STRUCTURE ME - Fijación 2", "150 ML", "227831" , 1, 0 ),
(946, 2, "STYLESIGN GLAMOUR WHIP - Fijación 3", "300 ML", "227832" , 1, 0 ),
(947, 2, "STYLESIGN MAGIC FINISH - Fijación 3 300ml", "300 ML", "227834" , 1, 0 ),
(948, 2, "STYLESIGN MAGIC FINISH - Fijación 3 500ml", "500 ML", "227835" , 1, 0 ),
(949, 2, "STYLESIGN SPUN SHINE - Fijación 1", "100 ML", "227836" , 1, 0 ),
(950, 2, "STYLESIGN MELTING DIAMONDS - Sin fijación", "50 ML", "227837" , 1, 0 ),
(951, 2, "STYLESIGN DIAMOND GLOSS - Sin fijacióin", "150 ML", "227838" , 1, 0 ),
(952, 2, "STYLESIGN DOUBLE BOSST  - Fijación 4", "200 ML", "227839" , 1, 0 ),
(953, 2, "STYLESIGN POWER WHIP  - Fijación 3", "300 ML", "227840" , 1, 0 ),
(954, 2, "STYLESIGN TOP WHIP - Fijación 4", "300  ML", "227842" , 1, 0 ),
(955, 2, "STYLESIGN BIG FINISH - Fijación 4 300ml", "300 ML", "227844" , 1, 0 ),
(956, 2, "STYLESIGN BIG FINISH - Fijación 4 500ml", "500 ML", "227845" , 1, 0 ),
(957, 2, "STYLESIGN LAGOOM JAM - Fijación 4", "150 ML", "227846" , 1, 0 ),
(958, 2, "STYLESIGN HOT FORM - Fijación 3", "150 ML", "227848" , 1, 0 ),
(959, 2, "STYLESIGN FLAT MARVEL - Fijación 1", "100 ML", "227849" , 1, 0 ),
(960, 2, "STYLESIGN SLEEK PERFECTION - Sin fijación", "100 ML", "227850" , 1, 0 ),
(961, 2, "STYLESIGN CURL LOVE - Fijación 2", "150 ML", "227851" , 1, 0 ),
(962, 2, "STYLESIGN CRYSTAL TURN - Fijación 2", "100 ML", "227852" , 1, 0 ),
(963, 2, "STYLESIGN TWIST AROUND - Fijación 3", "150 ML", "227853" , 1, 0 ),
(964, 2, "STYLESIGN MELLOGOO - Fijación 3", "100 ML", "227854" , 1, 0 ),
(965, 2, "STYLESIGN SUPEREGO  - Fijación 4", "75 ML", "227855" , 1, 0 ),
(966, 2, "STYLESIGN HARDLINER - Fijación 5", "150 ML", "227856" , 1, 0 ),
(967, 2, "STYLESIGN SPRAYER - Fijación 5 300ml", "300 ML", "227857" , 1, 0 ),
(968, 2, "STYLESIGN SPRAYER - Fijación 5 500ml", "500 ML", "227858" , 1, 0 ),
(969, 2, "STYLESIGN COMPOSER - Fijación 3", "150 ML", "227859" , 1, 0 ),
(970, 2, "STYLESIGN UNLIMITOR - Fijación 4", "150 ML", "227860" , 1, 0 ),
(971, 2, "STYLESIGN PUMP FREEZER - Fijación 5", "200 ML", "227861" , 1, 0 ),
(972, 2, "STYLESIGN ROUGHMAN - Fijación 4", "100 ML", "227862" , 1, 0 ),
(973, 2, "STYLESIGN FULL REBEL", "100 ML", "227925" , 1, 0 ),
(974, 2, "INEF BOMBAS PARA TRATAMIENTO", "PZA", "241322" , 1, 0 ),
(975, 2, "INEF PEINE", "PZA", "241382" , 1, 0 ),
(976, 2, "INEF TAZON", "PZA", "241383" , 1, 0 ),
(977, 2, "PLAYERA INEF MUJER CHICA", "PZA", "241444" , 1, 0 ),
(978, 2, "PLAYERA INEF HOMBRE MEDIANA", "PZA", "241489" , 1, 0 ),
(979, 2, "PLAYERA INEF HOMBRE GRANDE", "PZA", "241490" , 1, 0 ),
(980, 2, "Rack Acrilico De Elumen", "PZA", "243074" , 1, 0 ),
(981, 2, "PROTECTORES PARA OIDOS", "PZA", "243182" , 1, 0 ),
(982, 2, "TOALLA NEGRA ALEMANA", "PZA", "244688" , 1, 0 ),
(983, 2, "CAPA NEGRA ALEMANA", "PZA", "244699" , 1, 0 ),
(984, 2, "MANDIL NEGRO ALEMAN", "PZA", "244701" , 1, 0 ),
(985, 2, "CAJA DE GUANTES  (MEDIUM)", "PZA", "244714" , 1, 0 ),
(986, 2, "RELOJ DIGITAL NEGRO", "PZA", "244717" , 1, 0 ),
(987, 2, "PEINE DE COLA", "PZA", "244718" , 1, 0 ),
(988, 2, "PEINE DIENTES ANCHOS CON MANGO", "PZA", "244719" , 1, 0 ),
(989, 2, "PEINE DE DIENTES ANCHOS", "PZA", "244898" , 1, 0 ),
(990, 2, "ALUMINIOS PLATA", "KIT 3 PZAS", "247729" , 1, 0 ),
(991, 2, "ALUMINIO DE 3 COLORES", "KIT 3 PZAS", "247730" , 1, 0 ),
(992, 2, "MAQUINA CORTADORA DE ALUMINIOS", "PZA", "247732" , 1, 0 ),
(993, 2, "BROCHA PARA COLOR GRANDE", "PZA", "247737" , 1, 0 ),
(994, 2, "BROCHA PARA COLOR CHICA", "PZA", "247738" , 1, 0 ),
(995, 2, "BROCHA PARA COLOR ANGULAR", "PZA", "247739" , 1, 0 ),
(996, 2, "Elumen Color Board", "PZA", "249315" , 1, 0 ),
(997, 2, "HAIR ACTIVE SPRAY", "125ML", "265560" , 1, 0 ),
(998, 2, "ANTI DADRUFF LOCION", "150ML", "265562" , 1, 0 ),
(999, 2, "ANTI-HAIR LOSS AMPOLLETAS", "6 X 6 ML", "265564" , 1, 0 ),
(1000, 2, "CALMING LOTION", "150ML", "265565" , 1, 0 ),
(1001, 2, "REPOWER & COL. SHAMPOO 1500ml", "1500 ML", "265601" , 1, 0 ),
(1002, 2, "REPOWER & COL. SHAMPOO 250ml", "250ML", "265602" , 1, 0 ),
(1003, 2, "REPOWER. & COL. LEAVE IN CONDITIONER", "150ML", "265605" , 1, 0 ),
(1004, 2, "REPOWER & COL. TREATMENT", "150ML", "265609" , 1, 0 ),
(1005, 2, "REPOWER & COL LIVE GELMUSION", "450ML", "265614" , 1, 0 ),
(1006, 2, "REPOWER & COL.LIVE BB TREATMENT", "150ML", "265617" , 1, 0 ),
(1007, 2, "RESOFT & COL LEAVE-IN CONDITIONER", "150ML", "265655" , 1, 0 ),
(1008, 2, "RESOFT ANTI-FRIZZ SERUM", "100 ML", "265664" , 1, 0 ),
(1009, 2, "RESOFT & COL. TR. CREMULSION", "450ML", "265667" , 1, 0 ),
(1010, 2, "RESOFT & COL. LIVE BB TREATMENT CONC.", "150ML", "265670" , 1, 0 ),
(1011, 2, "BOTE PARA LIMPIEZA DE COLOR   2013", "PZA", "299106" , 1, 0 ),
(1012, 2, "TAZON CON VALVULA  2013", "PZA", "299109" , 1, 0 ),
(1013, 2, "KIT DE TAZON Y CILINDRO  2013", "PZA", "299110" , 1, 0 ),
(1014, 2, "BOMBA PARA LOCION TOPCHIC 10 VOL 2013", "PZA", "299111" , 1, 0 ),
(1015, 2, "BOMBA PARA LOCION TOPCHIC 20 VOL 2013", "PZA", "299112" , 1, 0 ),
(1016, 2, "BOMBA PARA LOCION TOPCHIC 30 VOL 2013", "PZA", "299113" , 1, 0 ),
(1017, 2, "BOMBA PARA LOCION TOPCHIC 40 VOL 2013", "PZA", "299114" , 1, 0 ),
(1018, 2, "TABLERO DE TONOS 2013", "PZA", "299115" , 1, 0 ),
(1019, 2, "TARJETA DE TONOS TOPCHIC 2013", "PZA", "299116" , 1, 0 ),
(1020, 2, "P_CAT APLICADOR DE TOPCHIC 2013", "PZA", "299119" , 1, 0 ),
(1021, 2, "BOMBA PARA BOTE DE LIMPIEZA  2013", "PZA", "299214" , 1, 0 ),
(1022, 2, "COLORANCE APLICADOR CON BROCHA", "PZA", "342702" , 1, 0 ),
(1023, 2, "BOMBA LOCION COLORANCE", "PZA", "342704" , 1, 0 ),
(1024, 2, "BOMBA LOCION COLORANCE COVER PLUS", "PZA", "342705" , 1, 0 ),
(1025, 2, "BOMBA LOCION COLORANCE EXPRESS TONING", "PZA", "342706" , 1, 0 ),
(1026, 2, "GAMA DE TONOS COLORANCE 2012", "PZA", "342920" , 1, 0 ),
(1027, 2, "COL COLORIST POSTER", "PZA", "343051" , 1, 0 ),
(1028, 2, "Gama De Tonos Elumen", "PZA", "345996" , 1, 0 ),
(1029, 2, "DS Catalog para cliente con 25", "PZA", "346134" , 1, 0 ),
(1030, 2, "GAMA DE KERATINA", "PZA", "347744" , 1, 0 ),
(1031, 2, "KERATINA CATALOGO PARA CLIENTES", "PZA", "347747" , 1, 0 ),
(1032, 2, "DS Bomba para Tratamiento", "PZA", "348006" , 1, 0 ),
(1033, 2, "KIT DE APLICACION CON PEINE Y PICO DE ELUMEN", "PZA", "348091" , 1, 0 ),
(1034, 2, "STS HOJA INFORMATIVA PASTAS", "PZA", "348138" , 1, 0 ),
(1035, 2, "STS CATALOGO DE INFORMACION PASTAS", "PZA", "348139" , 1, 0 ),
(1036, 2, "BROCHA CON PIENE PARA APLICACIÓN", "PZA", "348439" , 1, 0 ),
(1037, 2, "TAZON", "PZA", "348440" , 1, 0 ),
(1038, 2, "GUANTE CON PROTECCIÓN DE CALOR", "PZA", "348444" , 1, 0 ),
(1039, 2, "MANDIL DE TOPCHIC", "PZA", "348928" , 1, 0 ),
(1040, 2, "TOPCHIC FOLDER DE ACTIVACIÓN", "PZA", "348929" , 1, 0 ),
(1041, 2, "TABLA IINFORMACION TOPCHIC 2013", "PZA", "348932" , 1, 0 ),
(1042, 3, "ALICATE (ALAZCA) Manicuara y Pedicura", "mango rojo", "3001" , 1, 0 ),
(1043, 3, "ALICATE (ALAZCA) Manicura prefecional", "punta delgada", "3002" , 1, 0 ),
(1044, 3, "ALICATE (MI LOBO) Pedicura", "LOBO", "3003" , 1, 0 ),
(1045, 3, "ACETONA Galon", "Galon", "3004" , 1, 0 ),
(1046, 3, "ACETONA 1lt", "1 L", "3005" , 1, 0 ),
(1047, 3, "AGENDA", "CHINO 6 DOL", "3006" , 1, 0 ),
(1048, 3, "ATOMISADOR PARA CABELLO", "KIQUE", "3007" , 1, 0 ),
(1049, 3, "ATOMISADOR PARA CABELLO DE COLORES", "GDL", "3008" , 1, 0 ),
(1050, 3, "LAPIZ  CAUTERIZADOR", "ALCAZAR", "3009" , 1, 0 ),
(1051, 3, "BLEDO (KIQUEA/ALASKA)", "KIQUEA/ALASKA", "3010" , 1, 0 ),
(1052, 3, "BLEDO (ADAS)", "ADAS", "3011" , 1, 0 ),
(1053, 3, "BLEDO PARA BARBERO", "ALASKA", "3012" , 1, 0 ),
(1054, 3, "BROCHES PARA CABELLO (BAIPINES) NEGRO", "UNIVERSO ALMA", "3013" , 1, 0 ),
(1055, 3, "BROCHES PARA CABELLO (BAIPINES) CAFÉ", "UNIVERSO ALMA", "3014" , 1, 0 ),
(1056, 3, "BROCHAS GRANDES PARA PINTAR PELO", "ROMERO", "3015" , 1, 0 ),
(1057, 3, "EMPUJA CUTICULA  LANZA", "LANZA", "3016" , 1, 0 ),
(1058, 3, "EMPUJA CUTICULA  ECONOMICO", "LOBO", "3017" , 1, 0 ),
(1059, 3, "EMPUJA CUTICULA REDONDO (corto)", "ALAZCA", "3018" , 1, 0 ),
(1060, 3, "EMPUJA CUTICULA (largo)", "LOBO", "3019" , 1, 0 ),
(1061, 3, "ESTUCHES DE ACRILICOS", "CHINO", "3020" , 1, 0 ),
(1062, 3, "ESTERILIZADOR (TIMCO)", "TIMCO", "3021" , 1, 0 ),
(1063, 3, "ESTERILIZADOR (AMAZON)", "AMAZON", "3022" , 1, 0 ),
(1064, 3, "ESMALTES ESTILOGRAFOS", "Sin descripcion", "3023" , 1, 0 ),
(1065, 3, "ESMERIL DRILL", "CHINO 75 DOLS", "3024" , 1, 0 ),
(1066, 3, "ESTUCHE PUNTAS DE ESMERIL", "NAILIX", "3025" , 1, 0 ),
(1067, 3, "CORTA UÑAS GRANDE", "Sin descripcion", "3026" , 1, 0 ),
(1068, 3, "CORTA UÑAS CHICO", "Sin descripcion", "3027" , 1, 0 ),
(1069, 3, "CORTA CUTICULA (CHIVITAS)", "Sin descripcion", "3028" , 1, 0 ),
(1070, 3, "CORTA CUTICULA (CHIVITAS)  SPLASH", "NEGRAS", "3029" , 1, 0 ),
(1071, 3, "CORTA CUTICULA (CHIVITA) PAQUETE 3", "COLORES", "3030" , 1, 0 ),
(1072, 3, "CORTA TIP", "KIQUE", "3031" , 1, 0 ),
(1073, 3, "CAPA INFANTIL", "BRADIP", "3032" , 1, 0 ),
(1074, 3, "CAPA P/MAQUILLAJE (CORTA)", "LA FAMA", "3033" , 1, 0 ),
(1075, 3, "CERA GRANDE 600", "PASSINI", "3034" , 1, 0 ),
(1076, 3, "CERA MEDIANA 300", "PASSINI", "3035" , 1, 0 ),
(1077, 3, "CERA CHICA 150", "PASSINI", "3036" , 1, 0 ),
(1078, 3, "CAJA BLANCA PARA ESTERILIZAR", "AMAZON", "3037" , 1, 0 ),
(1079, 3, "CINTA PARA DEDOS", "ADAS", "3038" , 1, 0 ),
(1080, 3, "GORRAS BLANCAS DE BAÑO", "Sin descripcion", "3039" , 1, 0 ),
(1081, 3, "HORQUILLAS NEGRAS", "UNIVERSO", "3040" , 1, 0 ),
(1082, 3, "DISPENSADORES DE LIQUIDOS", "ORGANIC", "3041" , 1, 0 ),
(1083, 3, "PINCEL #10 ACRILICO", "CHINO 12 DOL", "3042" , 1, 0 ),
(1084, 3, "PINCEL #8 ACRILICO", "CHINO 10 DOL", "3043" , 1, 0 ),
(1085, 3, "PINCEL FRANCES", "CHINO 6 DOL", "3044" , 1, 0 ),
(1086, 3, "PALOS DE NARANJO", "NAILIX", "3045" , 1, 0 ),
(1087, 3, "PERFILADOR DE CEJA", "Sin descripcion", "3046" , 1, 0 ),
(1088, 3, "PESTAÑAS", "KIQUE", "3047" , 1, 0 ),
(1089, 3, "PLANCHA REMINGTON", "Sin descripcion", "3048" , 1, 0 ),
(1090, 3, "PICO DE GARZA BROCHES (METALICO)", "METALICO", "3049" , 1, 0 ),
(1091, 3, "PICO DE GARZA BROCHES (COLORES)", "COLORES", "3050" , 1, 0 ),
(1092, 3, "PINZAS PARA CEJA (MONITAS)", "KIQUE", "3051" , 1, 0 ),
(1093, 3, "PINZAS PARA CEJA", "ADAS", "3052" , 1, 0 ),
(1094, 3, "PUNTA DE ESMERIL CARBAI", "GDJARA", "3053" , 1, 0 ),
(1095, 3, "RESINA SECADO RAPIDO", "ADAS", "3054" , 1, 0 ),
(1096, 3, "RESINA P/PIEDRAS", "CHINO 4DOL", "3055" , 1, 0 ),
(1097, 3, "FERRO REMIGNTON", "Sin descripcion", "3056" , 1, 0 ),
(1098, 3, "LIMA DE PIES (SAN MARTIN)", "SAN MARTIN", "3057" , 1, 0 ),
(1099, 3, "LIMA DE PIES (S2)", "S2", "3058" , 1, 0 ),
(1100, 3, "LIMA DE PIES (ADAS)", "ADAS", "3059" , 1, 0 ),
(1101, 3, "LIMA INDU", "ADAS", "3060" , 1, 0 ),
(1102, 3, "LIMA ZEBRA 100/100 ORGANIC", "GDL", "3061" , 1, 0 ),
(1103, 3, "LIMA SPONGE 180/180", "GDL", "3062" , 1, 0 ),
(1104, 3, "LAMPARA DE UV", "AMAZON", "3063" , 1, 0 ),
(1105, 3, "LAMPARA DE MESAS BLANCAS", "AMAZON", "3064" , 1, 0 ),
(1106, 3, "SHINEX FINISH GEL", "ORGANIC", "3065" , 1, 0 ),
(1107, 3, "SEPARADOR DE DEDOS", "POMANIA", "3066" , 1, 0 ),
(1108, 3, "SEPILLITOS PARA SACUDIR", "CHINO", "3067" , 1, 0 ),
(1109, 3, "RESTAURADOR DE PINCEL SHAPER", "ORGANIC", "3068" , 1, 0 ),
(1110, 3, "TIJERAS CHICAS MANICURA", "LOBO", "3069" , 1, 0 ),
(1111, 3, "TIJERAS GRANDES MANICURA", "LOBO", "3070" , 1, 0 ),
(1112, 3, "TOALLAS BLANCAS", "SAMS", "3071" , 1, 0 ),
(1113, 3, "TIP´S SUELOS ORGANIC", "ADAS", "3072" , 1, 0 ),
(1114, 3, "TINA SPA", "KIQUE", "3073" , 1, 0 ),
(1115, 3, "UÑAS BLANCAS 500", "NAILIX", "3074" , 1, 0 ),
(1116, 3, "UÑAS NATURAL 500", "NAILIX", "3075" , 1, 0 ),
(1117, 3, "UÑAS TRANSPARENTE 500", "NAILIX", "3076" , 1, 0 ),
(1118, 3, "UÑAS NATURAL 100", "NAILIX", "3077" , 1, 0 ),
(1119, 3, "VULCANIA LAPIZ ESTIPTICO", "Sin descripcion", "3078" , 1, 0 ),
(1120, 3, "ACETONA GALON", "Sin descripcion", "3079" , 1, 0 ),
(1121, 3, "MANICURA DE GABY", "Sin descripcion", "3080" , 1, 0 ),
(1122, 3, "PEDICURA DE GABY", "Sin descripcion", "3081" , 1, 0 ),
(1123, 3, "CHANCLITAS DE GABY", "Sin descripcion", "3082" , 1, 0 ),
(1124, 3, "BOLSITAS PARA INSTRUMENTOS (ANCHAS)", "ZAZUETA", "3083" , 1, 0 ),
(1125, 3, "BOLSITAS PARA INSTRUMENTOS (LARGAS)", "ZAZUETA", "3084" , 1, 0 ),
(1126, 3, "VASITOS PRIMO PARA PEDICURA", "ZAZUETA", "3085" , 1, 0 ),
(1127, 3, "TAPAS DE VASITOS PARA PEDI", "ZAZUETA", "3086" , 1, 0 ),
(1128, 3, "DULCES", "ZAZUETA", "3087" , 1, 0 ),
(1129, 3, "GUANTES ESTERILIZADOS", "Sin descripcion", "3088" , 1, 0 ),
(1130, 3, "CUBRE BOCA", "Sin descripcion", "3089" , 1, 0 ),
(1131, 3, "MAR V CIDA", "Sin descripcion", "3090" , 1, 0 ),
(1132, 3, "EXFOLIANTE NARANJA", "CHINO", "3091" , 1, 0 ),
(1133, 3, "PASTILLAS AZULES", "CHINO", "3092" , 1, 0 ),
(1134, 3, "GEL UV IBD", "CHINO 50 DOLS 14.50", "3093" , 1, 0 ),
(1135, 3, "QUEMADOR CERA 600 ML", "S2", "3094" , 1, 0 ),
(1136, 3, "QUEMADOR CERA 150 ML ESTUCHE", "S2", "3095" , 1, 0 ),
(1137, 5, "Cleanser 1000ml SYSTEM 1", "1000ml", "6001" , 1, 0 ),
(1138, 5, "Cleanser 300ml SYSTEM 1", "300ml", "6002" , 1, 0 ),
(1139, 5, "Scalp Revitalizer 1000ml SYSTEM 1", "1000ml", "6003" , 1, 0 ),
(1140, 5, "Scalp Revitalizer 300ml SYSTEM 1", "300ml", "6004" , 1, 0 ),
(1141, 5, "Scalp Treatment 100ml SYSTEM 1", "100ml", "6005" , 1, 0 ),
(1142, 5, "Cleanser 1000ml SYSTEM 2", "1000ml", "6006" , 1, 0 ),
(1143, 5, "Cleanser 300ml SYSTEM 2", "300ml", "6007" , 1, 0 ),
(1144, 5, "Scalp Revitalizer 1000ml SYSTEM 2", "1000ml", "6008" , 1, 0 ),
(1145, 5, "Scalp Revitalizer 300ml SYSTEM 2", "300ml", "6009" , 1, 0 ),
(1146, 5, "Scalp Treatment 100ml SYSTEM 2", "100ml", "6010" , 1, 0 ),
(1147, 5, "Cleanser 1000ml SYSTEM 3", "1000ml", "6011" , 1, 0 ),
(1148, 5, "Cleanser 300ml SYSTEM 3", "300ml", "6012" , 1, 0 ),
(1149, 5, "Scalp Revitalizer 1000ml SYSTEM 3", "1000ml", "6013" , 1, 0 ),
(1150, 5, "Scalp Revitalizer 300ml SYSTEM 3", "300ml", "6014" , 1, 0 ),
(1151, 5, "Scalp Treatment 100ml SYSTEM 3", "100ml", "6015" , 1, 0 ),
(1152, 5, "Cleanser 1000ml SYSTEM 4", "1000ml", "6016" , 1, 0 ),
(1153, 5, "Cleanser 300ml SYSTEM 4", "300ml", "6017" , 1, 0 ),
(1154, 5, "Scalp Revitalizer 1000ml SYSTEM 4", "1000ml", "6018" , 1, 0 ),
(1155, 5, "Scalp Revitalizer 300ml SYSTEM 4", "300ml", "6019" , 1, 0 ),
(1156, 5, "Scalp Treatment 100ml SYSTEM 4", "100ml", "6020" , 1, 0 ),
(1157, 5, "Cleanser 1000ml SYSTEM 5", "1000ml", "6021" , 1, 0 ),
(1158, 5, "Cleanser 300ml SYSTEM 5", "300ml", "6022" , 1, 0 ),
(1159, 5, "Scalp Revitalizer 1000ml SYSTEM 5", "1000ml", "6023" , 1, 0 ),
(1160, 5, "Scalp Revitalizer 300ml SYSTEM 5", "300ml", "6024" , 1, 0 ),
(1161, 5, "Scalp Treatment 100ml SYSTEM 5", "100ml", "6025" , 1, 0 ),
(1162, 5, "Cleanser 1000ml SYSTEM 6", "1000ml", "6026" , 1, 0 ),
(1163, 5, "Cleanser 300ml SYSTEM 6", "300ml", "6027" , 1, 0 ),
(1164, 5, "Scalp Revitalizer 1000ml SYSTEM 6", "1000ml", "6028" , 1, 0 ),
(1165, 5, "Scalp Revitalizer 300ml SYSTEM 6", "300ml", "6029" , 1, 0 ),
(1166, 5, "Scalp Treatment 100ml SYSTEM 6", "100ml", "6030" , 1, 0 ),
(1167, 5, "Trial Kit System 1 150+150+50", "ml", "6031" , 1, 0 ),
(1168, 5, "Trial Kit System 2 150+150+50", "ml", "6032" , 1, 0 ),
(1169, 5, "Trial Kit System 3 150+150+50", "ml", "6033" , 1, 0 ),
(1170, 5, "Trial Kit System 4 150+150+50", "ml", "6034" , 1, 0 ),
(1171, 5, "Trial Kit System 5 150+150+50", "ml", "6035" , 1, 0 ),
(1172, 5, "Trial Kit System 6 150+150+50", "ml", "6036" , 1, 0 ),
(1173, 5, "Diaboost 100ml", "100ml", "6037" , 1, 0 ),
(1174, 5, "Deep Repair Hair Masque 150ml", "150ml", "6038" , 1, 0 ),
(1175, 5, "Deep Repair Hair Masque 500ml", "500ml", "6039" , 1, 0 ),
(1176, 5, "Hair Booster 100ml", "100ml", "6040" , 1, 0 ),
(1177, 5, "Scalp Renew 75ml", "75ml", "6041" , 1, 0 ),
(1178, 6, "KIT RIZADO PROFESIONAL JDENIS PARA PESTAÑAS", "Pieza", "1001" , 1, 0 ),
(1179, 6, "KIT RIZADO PESTAÑAS JADE PROFESIONAL", "Pieza", "1002" , 1, 0 ),
(1180, 6, "KIT RIZADO FACIL PARA PESTAÑAS CON CLIP", "Pieza", "1003" , 1, 0 ),
(1181, 6, "KIT DISEÑO DE CEJAS-PLANCHADO DE CEJAS", "Pieza", "1004" , 1, 0 ),
(1182, 6, "KIT EXTENSION PARA PESTAÑAS MINK", "Pieza", "1005" , 1, 0 ),
(1183, 6, "KIT EXTENSION PARA PESTAÑAS PROFESIONAL JDENIS", "Pieza", "1006" , 1, 0 ),
(1184, 6, "KIT EXTENSION JUNIOR PARA PESTAÑAS", "Pieza", "1007" , 1, 0 ),
(1185, 6, "KIT ALACIADO DE IONES", "Pieza", "1008" , 1, 0 ),
(1186, 6, "KIT PIGMENTO NEGRO PARA  PESTAÑAS", "Pieza", "1009" , 1, 0 ),
(1187, 6, "KIT PIGMENTO BEIGE (rubio claro) PARA CEJAS", "Pieza", "1010" , 1, 0 ),
(1188, 6, "KIT PIGMENTO LIGHT BROWN (castaño mediano) PARA CEJAS", "Pieza", "1011" , 1, 0 ),
(1189, 6, "KIT PIGMENTO CHOCOLAT BROWN (castaño obscuro) PARA CEJAS", "Pieza", "1012" , 1, 0 ),
(1190, 6, "KIT PIGMENTO DARK RED (castaño rojizo) PARA CEJAS", "Pieza", "1013" , 1, 0 ),
(1191, 6, "KIT PIGMENTO BROWN GRAY (CASTAÑO CENIO) PARA CEJAS", "Pieza", "1014" , 1, 0 ),
(1192, 6, "KIT PIGMENTO", "Pieza", "1015" , 1, 0 ),
(1193, 6, "DESMAQUILLANTE BIFASICO", "Pieza", "1016" , 1, 0 ),
(1194, 6, "TRATAMIENTO ALARGADOR VITAMINA PARA PESTAÑA Y CEJA", "Pieza", "1017" , 1, 0 ),
(1195, 6, "TRATAMIENTO CAPILAR PH4", "Pieza", "1018" , 1, 0 ),
(1196, 6, "POLVO LATEX PARA CAMBIO DIRECCIONAL", "Pieza", "1019" , 1, 0 ),
(1197, 6, "BRILLO SEDA LIMON", "Pieza", "1020" , 1, 0 ),
(1198, 6, "BRILLO SEDA NATURAL", "Pieza", "1021" , 1, 0 ),
(1199, 6, "DESTELLO DE CABELLO CRISTAL", "Pieza", "1022" , 1, 0 ),
(1200, 6, "DESTELLO DE CABELLO METAL", "Pieza", "1023" , 1, 0 ),
(1201, 6, "LIMPIADOR DE IMPUREZAS GRANDE SUPREME", "Pieza", "1024" , 1, 0 ),
(1202, 6, "TONIFICANTE PARA PESTAÑAS SUPREME", "Pieza", "1025" , 1, 0 ),
(1203, 6, "PERFILADOR PREMIUM 3 PZAS", "Pieza", "1026" , 1, 0 ),
(1204, 6, "LIMPIADOR DE IMPUREZAS PARA RIZADO DE PESTAÑAS", "Pieza", "1027" , 1, 0 ),
(1205, 6, "ADHESIVO PARA RULOS Y PESTAÑAS No.2", "Pieza", "1028" , 1, 0 ),
(1206, 6, "GEL ONDULANTE No. 3", "Pieza", "1029" , 1, 0 ),
(1207, 6, "GEL NEUTRALIZANTE No. 4", "Pieza", "1030" , 1, 0 ),
(1208, 6, "GEL REESTRUCTURANTE No. 5", "Pieza", "1031" , 1, 0 ),
(1209, 6, "PAPEL TERMICO PARA RIZADO Y PLANCHADO", "Pieza", "1032" , 1, 0 ),
(1210, 6, "RULOS DESECHABLES AZULES 10 PARES", "Pieza", "1033" , 1, 0 ),
(1211, 6, "RULOS DESECHABLES ROSAS 10 PARES", "Pieza", "1034" , 1, 0 ),
(1212, 6, "RULOS DESECHABLES BLANCOS 10 PARES", "Pieza", "1035" , 1, 0 ),
(1213, 6, "RULOS DE SILICON 3 PARES COLORES", "Pieza", "1036" , 1, 0 ),
(1214, 6, "RULOS ADHESIVOS 16 PARES COMBO 3 TAMAÑOS", "Pieza", "1037" , 1, 0 ),
(1215, 6, "RULOS ADHESIVOS MEDIANO 16 PARES", "Pieza", "1039" , 1, 0 ),
(1216, 6, "REACTOR PARA PIGMENTOS", "Pieza", "1042" , 1, 0 ),
(1217, 6, "MASCARA PARA PESTAÑAS CON QUERATINA Y VIT E", "Pieza", "1043" , 1, 0 ),
(1218, 6, "MASCARA PARA PESTAÑAS CON MICROFIBRAS", "Pieza", "1044" , 1, 0 ),
(1219, 6, "MASCARA PARA PESTAÑAS ACONDICIONADORA DE PESTAÑAS SIN COLOR", "Pieza", "1045" , 1, 0 ),
(1220, 6, "MASCARA PARA PESTAÑAS COLOR AZUL", "Pieza", "1046" , 1, 0 ),
(1221, 6, "MASCARA PARA PESTAÑAS COLOR CAFÉ", "Pieza", "1047" , 1, 0 ),
(1222, 6, "MASCARA PARA PESTAÑAS PLUS LASHES", "Pieza", "1048" , 1, 0 ),
(1223, 6, "ADHESIVO SUPREME PARA EXTENSION MINK", "Pieza", "1049" , 1, 0 ),
(1224, 6, "ADHESIVO SUPREME PARA EXTENSION MINK 8 g", "Pieza", "1050" , 1, 0 ),
(1225, 6, "ADHESIVO SUPREME PARA EXTENSION MINK GOTERO G20", "Pieza", "1051" , 1, 0 ),
(1226, 6, "REMOVEDOR ADHESIVO SUPREME MINK", "Pieza", "1052" , 1, 0 ),
(1227, 6, "ADHESIVO IHI TRANSPARENTE PARA PESTAÑA DE TIRA", "Pieza", "1053" , 1, 0 ),
(1228, 6, "ADHESIVO NEGRO KERATINIZADO PARA EXTENSION", "Pieza", "1055" , 1, 0 ),
(1229, 6, "QUITAPESTAÑAS PARA ADHESIVO KERATANIZADO", "Pieza", "1057" , 1, 0 ),
(1230, 6, "PINZA EXTENSION PARA PESTAÑAS JDENIS", "Pieza", "1058" , 1, 0 ),
(1231, 6, "PINZA PLANA PEINE PARA PESTAÑAS MINK", "Pieza", "1059" , 1, 0 ),
(1232, 6, "50 CONTENEDORES PAQUETE", "Pieza", "1063" , 1, 0 ),
(1233, 6, "PESTAÑAS MINK CURVA J GRUESO .15 COMBO (8,10,12MM)", "Pieza", "1087" , 1, 0 ),
(1234, 6, "PESTAÑAS MINK CURVA J GRUESO .15 (8mm)", "Pieza", "1088" , 1, 0 ),
(1235, 6, "PESTAÑAS MINK CURVA J GRUESO .15 (10mm)", "Pieza", "1089" , 1, 0 ),
(1236, 6, "PESTAÑAS MINK CURVA J GRUESO .15 (11mm)", "Pieza", "1090" , 1, 0 ),
(1237, 6, "PESTAÑAS MINK CURVA J GRUESO .15 (12mm)", "Pieza", "1091" , 1, 0 ),
(1238, 6, "PESTAÑAS MINK CURVA J GRUESO .15 (13mm)", "Pieza", "1092" , 1, 0 ),
(1239, 6, "PESTAÑAS MINK CURVA J GRUESO .15 (14mm)", "Pieza", "1093" , 1, 0 ),
(1240, 6, "PESTAÑAS MINK CURVA J GRUESO .20 COMBO (8,10,12MM)", "Pieza", "1094" , 1, 0 ),
(1241, 6, "PESTAÑAS MINK CURVA J GRUESO .20(8mm)", "Pieza", "1095" , 1, 0 ),
(1242, 6, "PESTAÑAS MINK CURVA J GRUESO .20 (10mm)", "Pieza", "1096" , 1, 0 ),
(1243, 6, "PESTAÑAS MINK CURVA J GRUESO .20 (11mm)", "Pieza", "1097" , 1, 0 ),
(1244, 6, "PESTAÑAS MINK CURVA J GRUESO .20 (12mm)", "Pieza", "1098" , 1, 0 ),
(1245, 6, "PESTAÑAS MINK CURVA J GRUESO .20 (13mm)", "Pieza", "1099" , 1, 0 ),
(1246, 6, "PESTAÑAS MINK CURVA J GRUESO .25(10mm)", "Pieza", "1103" , 1, 0 ),
(1247, 6, "PESTAÑAS MINK CURVA B GRUESO .15 COMBO (8,10,12MM)", "Pieza", "1108" , 1, 0 ),
(1248, 6, "PESTAÑAS MINK CURVA B GRUESO .20 (12mm)", "Pieza", "1119" , 1, 0 ),
(1249, 6, "PESTAÑAS MINK CURVA B GRUESO .20 (13mm)", "Pieza", "1120" , 1, 0 ),
(1250, 6, "PESTAÑAS MINK CURVA B GRUESO .20 (14mm)", "Pieza", "1121" , 1, 0 ),
(1251, 6, "PESTAÑAS MINK CURVA C GRUESO .15 (8mm)", "Pieza", "1130" , 1, 0 ),
(1252, 6, "PESTAÑAS MINK CURVA C GRUESO .15 (10mm)", "Pieza", "1131" , 1, 0 ),
(1253, 6, "PESTAÑAS MINK CURVA C GRUESO .15 (11mm)", "Pieza", "1132" , 1, 0 ),
(1254, 6, "PESTAÑAS MINK CURVA C GRUESO .15 (12mm)", "Pieza", "1133" , 1, 0 ),
(1255, 6, "PESTAÑAS MINK CURVA C GRUESO .15 (13mm)", "Pieza", "1134" , 1, 0 ),
(1256, 6, "PESTAÑAS MINK CURVA C GRUESO .15 (14mm)", "Pieza", "1135" , 1, 0 ),
(1257, 6, "PESTAÑAS MINK CURVA C GRUESO .20 COMBO (8,10,12MM)", "Pieza", "1136" , 1, 0 ),
(1258, 6, "PESTAÑAS MINK CURVA C GRUESO .20(8mm)", "Pieza", "1137" , 1, 0 ),
(1259, 6, "PESTAÑAS MINK CURVA C GRUESO .20 (10mm)", "Pieza", "1138" , 1, 0 ),
(1260, 6, "PESTAÑAS MINK CURVA C GRUESO .20 (11mm)", "Pieza", "1139" , 1, 0 ),
(1261, 6, "PESTAÑAS MINK CURVA C GRUESO .20 (12mm)", "Pieza", "1140" , 1, 0 ),
(1262, 6, "PESTAÑAS MINK CURVA C GRUESO .20 (13mm)", "Pieza", "1141" , 1, 0 ),
(1263, 6, "PESTAÑAS MINK CURVA C GRUESO .20 (14mm)", "Pieza", "1142" , 1, 0 ),
(1264, 6, "PESTAÑAS MINK CURVA C GRUESO .25 COMBO (8,10,12MM)", "Pieza", "1143" , 1, 0 ),
(1265, 6, "PESTAÑAS MINK CURVA C GRUESO .25(8mm)", "Pieza", "1144" , 1, 0 ),
(1266, 6, "PESTAÑAS MINK CURVA C GRUESO .25(10mm)", "Pieza", "1145" , 1, 0 ),
(1267, 6, "PESTAÑAS MINK CURVA C GRUESO .25 (11mm)", "Pieza", "1146" , 1, 0 ),
(1268, 6, "PESTAÑAS MINK CURVA C GRUESO .25 (12mm)", "Pieza", "1147" , 1, 0 ),
(1269, 6, "PESTAÑAS MINK CURVA C GRUESO .25 (13mm)", "Pieza", "1148" , 1, 0 ),
(1270, 6, "PESTAÑAS MINK CURVA C GRUESO .25 (14mm)", "Pieza", "1149" , 1, 0 ),
(1271, 6, "PESTAÑAS MINK CURVA D GRUESO .15 (8mm)", "Pieza", "1151" , 1, 0 ),
(1272, 6, "PESTAÑAS MINK CURVA D GRUESO .15 (11mm)", "Pieza", "1153" , 1, 0 ),
(1273, 6, "PESTAÑAS MINK CURVA D GRUESO .15 (12mm)", "Pieza", "1154" , 1, 0 ),
(1274, 6, "PESTAÑAS MINK CURVA D GRUESO .15 (13mm)", "Pieza", "1155" , 1, 0 ),
(1275, 6, "PESTAÑAS MINK CURVA D GRUESO .15 (14mm)", "Pieza", "1156" , 1, 0 ),
(1276, 6, "PESTAÑAS MINK CURVA D GRUESO .20 COMBO (8,10,12MM)", "Pieza", "1157" , 1, 0 ),
(1277, 6, "PESTAÑAS MINK CURVA C GRUESO .20(8mm)", "Pieza", "1158" , 1, 0 ),
(1278, 6, "PESTAÑAS MINK CURVA C GRUESO .20 (10mm)", "Pieza", "1159" , 1, 0 ),
(1279, 6, "PESTAÑAS MINK CURVA C GRUESO .20 (11mm)", "Pieza", "1160" , 1, 0 ),
(1280, 6, "PESTAÑAS MINK CURVA C GRUESO .20 (12mm)", "Pieza", "1161" , 1, 0 ),
(1281, 6, "PESTAÑAS MINK CURVA C GRUESO .20 (13mm)", "Pieza", "1162" , 1, 0 ),
(1282, 6, "PESTAÑAS MINK CURVA C GRUESO .20 (14mm)", "Pieza", "1163" , 1, 0 ),
(1283, 6, "PESTAÑA MINK 2D  CURVA J .15 DISPONIBLE EN 10 MM", "Pieza", "1164" , 1, 0 ),
(1284, 6, "PESTAÑA MINK 2D  CURVA J .15 DISPONIBLE EN 12 MM", "Pieza", "1165" , 1, 0 ),
(1285, 6, "PESTAÑA MINK 2D  CURVA B .15 DISPONIBLE EN 10 MM", "Pieza", "1166" , 1, 0 ),
(1286, 6, "PESTAÑA MINK 2D  CURVA B .15 DISPONIBLE EN 12 MM", "Pieza", "1167" , 1, 0 ),
(1287, 6, "PESTAÑA MINK 3D  CURVA J .15 DISPONIBLE EN 10 MM", "Pieza", "1168" , 1, 0 ),
(1288, 6, "PESTAÑA MINK 3D  CURVA J .15 DISPONIBLE EN 12 MM", "Pieza", "1169" , 1, 0 ),
(1289, 6, "PESTAÑA MINK 3D  CURVA B .15 DISPONIBLE EN 10 MM", "Pieza", "1170" , 1, 0 ),
(1290, 6, "PESTAÑA MINK 3D  CURVA B .15 DISPONIBLE EN 12 MM", "Pieza", "1171" , 1, 0 ),
(1291, 6, "PESTAÑA MINK 5D  CURVA J .15 DISPONIBLE EN 10 MM", "Pieza", "1172" , 1, 0 ),
(1292, 6, "PESTAÑA MINK 5D  CURVA J .15 DISPONIBLE EN 12 MM", "Pieza", "1173" , 1, 0 ),
(1293, 6, "PESTAÑA MINK 5D  CURVA B .15 DISPONIBLE EN 10 MM", "Pieza", "1174" , 1, 0 ),
(1294, 6, "PESTAÑA MINK 5D  CURVA B .15 DISPONIBLE EN 12 MM", "Pieza", "1175" , 1, 0 ),
(1295, 7, "Pegamento Acrilico Secure Brush", "15ml", "1183" , 1, 0 ),
(1296, 7, "Formas Uñas - 300", "300 pz", "1208" , 1, 0 ),
(1297, 7, "Lima 150/150 Grano Rosa", "1 pza", "1209" , 1, 0 ),
(1298, 7, "Buffer 220/280", "1 pza", "1211" , 1, 0 ),
(1299, 7, "Lima Abrillantadora Shiner", "1 pza", "1212" , 1, 0 ),
(1300, 7, "Pincel Pro 9 - Mango Madera", "1pza", "1214" , 1, 0 ),
(1301, 7, "Pincel 9 Con Tapa-Metalico", "1pza", "1216" , 1, 0 ),
(1302, 7, "Pincel Maestro", "1pza", "1219" , 1, 0 ),
(1303, 7, "Colección  Melody - Pasteles", "12 pz Kit", "1232" , 1, 0 ),
(1304, 7, "Colección  Elements- Mate", "12 pz Kit", "1233" , 1, 0 ),
(1305, 7, "Colección  Prisms - Hologramas", "12 pz Kit", "1234" , 1, 0 ),
(1306, 7, "Colección  Riches - Perlas y Metales", "12 pz Kit", "1235" , 1, 0 ),
(1307, 7, "Dual Coat-Sellador De Alto Brillo", "15ml", "1237" , 1, 0 ),
(1308, 7, "Lima 180/180 Grano Azul", "1 pza", "1238" , 1, 0 ),
(1309, 7, "Formas Uñas - 100", "100 pz", "1239" , 1, 0 ),
(1310, 7, "Tips Blanco para Frances", "100 pz", "1310" , 1, 0 ),
(1311, 7, "Tips Natural", "100 pz", "1311" , 1, 0 ),
(1312, 7, "Formas Uñas Transparentes", "100 pz", "1322" , 1, 0 ),
(1313, 7, "Vaso Para Monomero - Glass Dapping", "Pieza", "1395" , 1, 0 ),
(1314, 7, "Colección Olympus", "12 pz Kit", "1829" , 1, 0 ),
(1315, 8, "Seche Vite Chico", "Pieza", "5001" , 1, 0 ),
(1316, 8, "Seche Vite Profesional - Kit", "Pieza", "5002" , 1, 0 ),
(1317, 8, "Seche Clear Chico", "Pieza", "5003" , 1, 0 ),
(1318, 8, "Seche Clear Profesional", "Pieza", "5004" , 1, 0 ),
(1319, 8, "Seche Restore Chico", "Pieza", "5005" , 1, 0 ),
(1320, 8, "Seche Restore Profesional - Kit", "Pieza", "5006" , 1, 0 ),
(1321, 8, "Eliminador de Callos Chico", "Pieza", "5007" , 1, 0 ),
(1322, 8, "Eliminador de Callos Med", "Pieza", "5008" , 1, 0 ),
(1323, 8, "Eliminador de Callos Grandes", "Pieza", "5009" , 1, 0 ),
(1324, 8, "Eliminador de Callos Mega", "Pieza", "5010" , 1, 0 ),
(1325, 8, "Frasco de 200 Almohadillas Humedas para remover callos", "Pieza", "5011" , 1, 0 ),
(1326, 8, "Humectante Tobillos resecos", "Pieza", "5012" , 1, 0 ),
(1327, 8, "Eliminador de Cuticulas Mini", "Pieza", "5013" , 1, 0 ),
(1328, 8, "Eliminador de Cuticulas Chico", "Pieza", "5014" , 1, 0 ),
(1329, 8, "Eliminador de Cuticulas Med", "Pieza", "5015" , 1, 0 ),
(1330, 8, "Eliminador de Cuticulas Grande", "Pieza", "5016" , 1, 0 );
-- Llenando productos
INSERT INTO `almacen` (`idAlmacen`,`idProducto`, `idSucursal` ) VALUES
( 1, 1, 1 ),
( 2, 2, 1 ),
( 3, 3, 1 ),
( 4, 4, 1 ),
( 5, 5, 1 ),
( 6, 6, 1 ),
( 7, 7, 1 ),
( 8, 8, 1 ),
( 9, 9, 1 ),
( 10, 10, 1 ),
( 11, 11, 1 ),
( 12, 12, 1 ),
( 13, 13, 1 ),
( 14, 14, 1 ),
( 15, 15, 1 ),
( 16, 16, 1 ),
( 17, 17, 1 ),
( 18, 18, 1 ),
( 19, 19, 1 ),
( 20, 20, 1 ),
( 21, 21, 1 ),
( 22, 22, 1 ),
( 23, 23, 1 ),
( 24, 24, 1 ),
( 25, 25, 1 ),
( 26, 26, 1 ),
( 27, 27, 1 ),
( 28, 28, 1 ),
( 29, 29, 1 ),
( 30, 30, 1 ),
( 31, 31, 1 ),
( 32, 32, 1 ),
( 33, 33, 1 ),
( 34, 34, 1 ),
( 35, 35, 1 ),
( 36, 36, 1 ),
( 37, 37, 1 ),
( 38, 38, 1 ),
( 39, 39, 1 ),
( 40, 40, 1 ),
( 41, 41, 1 ),
( 42, 42, 1 ),
( 43, 43, 1 ),
( 44, 44, 1 ),
( 45, 45, 1 ),
( 46, 46, 1 ),
( 47, 47, 1 ),
( 48, 48, 1 ),
( 49, 49, 1 ),
( 50, 50, 1 ),
( 51, 51, 1 ),
( 52, 52, 1 ),
( 53, 53, 1 ),
( 54, 54, 1 ),
( 55, 55, 1 ),
( 56, 56, 1 ),
( 57, 57, 1 ),
( 58, 58, 1 ),
( 59, 59, 1 ),
( 60, 60, 1 ),
( 61, 61, 1 ),
( 62, 62, 1 ),
( 63, 63, 1 ),
( 64, 64, 1 ),
( 65, 65, 1 ),
( 66, 66, 1 ),
( 67, 67, 1 ),
( 68, 68, 1 ),
( 69, 69, 1 ),
( 70, 70, 1 ),
( 71, 71, 1 ),
( 72, 72, 1 ),
( 73, 73, 1 ),
( 74, 74, 1 ),
( 75, 75, 1 ),
( 76, 76, 1 ),
( 77, 77, 1 ),
( 78, 78, 1 ),
( 79, 79, 1 ),
( 80, 80, 1 ),
( 81, 81, 1 ),
( 82, 82, 1 ),
( 83, 83, 1 ),
( 84, 84, 1 ),
( 85, 85, 1 ),
( 86, 86, 1 ),
( 87, 87, 1 ),
( 88, 88, 1 ),
( 89, 89, 1 ),
( 90, 90, 1 ),
( 91, 91, 1 ),
( 92, 92, 1 ),
( 93, 93, 1 ),
( 94, 94, 1 ),
( 95, 95, 1 ),
( 96, 96, 1 ),
( 97, 97, 1 ),
( 98, 98, 1 ),
( 99, 99, 1 ),
( 100, 100, 1 ),
( 101, 101, 1 ),
( 102, 102, 1 ),
( 103, 103, 1 ),
( 104, 104, 1 ),
( 105, 105, 1 ),
( 106, 106, 1 ),
( 107, 107, 1 ),
( 108, 108, 1 ),
( 109, 109, 1 ),
( 110, 110, 1 ),
( 111, 111, 1 ),
( 112, 112, 1 ),
( 113, 113, 1 ),
( 114, 114, 1 ),
( 115, 115, 1 ),
( 116, 116, 1 ),
( 117, 117, 1 ),
( 118, 118, 1 ),
( 119, 119, 1 ),
( 120, 120, 1 ),
( 121, 121, 1 ),
( 122, 122, 1 ),
( 123, 123, 1 ),
( 124, 124, 1 ),
( 125, 125, 1 ),
( 126, 126, 1 ),
( 127, 127, 1 ),
( 128, 128, 1 ),
( 129, 129, 1 ),
( 130, 130, 1 ),
( 131, 131, 1 ),
( 132, 132, 1 ),
( 133, 133, 1 ),
( 134, 134, 1 ),
( 135, 135, 1 ),
( 136, 136, 1 ),
( 137, 137, 1 ),
( 138, 138, 1 ),
( 139, 139, 1 ),
( 140, 140, 1 ),
( 141, 141, 1 ),
( 142, 142, 1 ),
( 143, 143, 1 ),
( 144, 144, 1 ),
( 145, 145, 1 ),
( 146, 146, 1 ),
( 147, 147, 1 ),
( 148, 148, 1 ),
( 149, 149, 1 ),
( 150, 150, 1 ),
( 151, 151, 1 ),
( 152, 152, 1 ),
( 153, 153, 1 ),
( 154, 154, 1 ),
( 155, 155, 1 ),
( 156, 156, 1 ),
( 157, 157, 1 ),
( 158, 158, 1 ),
( 159, 159, 1 ),
( 160, 160, 1 ),
( 161, 161, 1 ),
( 162, 162, 1 ),
( 163, 163, 1 ),
( 164, 164, 1 ),
( 165, 165, 1 ),
( 166, 166, 1 ),
( 167, 167, 1 ),
( 168, 168, 1 ),
( 169, 169, 1 ),
( 170, 170, 1 ),
( 171, 171, 1 ),
( 172, 172, 1 ),
( 173, 173, 1 ),
( 174, 174, 1 ),
( 175, 175, 1 ),
( 176, 176, 1 ),
( 177, 177, 1 ),
( 178, 178, 1 ),
( 179, 179, 1 ),
( 180, 180, 1 ),
( 181, 181, 1 ),
( 182, 182, 1 ),
( 183, 183, 1 ),
( 184, 184, 1 ),
( 185, 185, 1 ),
( 186, 186, 1 ),
( 187, 187, 1 ),
( 188, 188, 1 ),
( 189, 189, 1 ),
( 190, 190, 1 ),
( 191, 191, 1 ),
( 192, 192, 1 ),
( 193, 193, 1 ),
( 194, 194, 1 ),
( 195, 195, 1 ),
( 196, 196, 1 ),
( 197, 197, 1 ),
( 198, 198, 1 ),
( 199, 199, 1 ),
( 200, 200, 1 ),
( 201, 201, 1 ),
( 202, 202, 1 ),
( 203, 203, 1 ),
( 204, 204, 1 ),
( 205, 205, 1 ),
( 206, 206, 1 ),
( 207, 207, 1 ),
( 208, 208, 1 ),
( 209, 209, 1 ),
( 210, 210, 1 ),
( 211, 211, 1 ),
( 212, 212, 1 ),
( 213, 213, 1 ),
( 214, 214, 1 ),
( 215, 215, 1 ),
( 216, 216, 1 ),
( 217, 217, 1 ),
( 218, 218, 1 ),
( 219, 219, 1 ),
( 220, 220, 1 ),
( 221, 221, 1 ),
( 222, 222, 1 ),
( 223, 223, 1 ),
( 224, 224, 1 ),
( 225, 225, 1 ),
( 226, 226, 1 ),
( 227, 227, 1 ),
( 228, 228, 1 ),
( 229, 229, 1 ),
( 230, 230, 1 ),
( 231, 231, 1 ),
( 232, 232, 1 ),
( 233, 233, 1 ),
( 234, 234, 1 ),
( 235, 235, 1 ),
( 236, 236, 1 ),
( 237, 237, 1 ),
( 238, 238, 1 ),
( 239, 239, 1 ),
( 240, 240, 1 ),
( 241, 241, 1 ),
( 242, 242, 1 ),
( 243, 243, 1 ),
( 244, 244, 1 ),
( 245, 245, 1 ),
( 246, 246, 1 ),
( 247, 247, 1 ),
( 248, 248, 1 ),
( 249, 249, 1 ),
( 250, 250, 1 ),
( 251, 251, 1 ),
( 252, 252, 1 ),
( 253, 253, 1 ),
( 254, 254, 1 ),
( 255, 255, 1 ),
( 256, 256, 1 ),
( 257, 257, 1 ),
( 258, 258, 1 ),
( 259, 259, 1 ),
( 260, 260, 1 ),
( 261, 261, 1 ),
( 262, 262, 1 ),
( 263, 263, 1 ),
( 264, 264, 1 ),
( 265, 265, 1 ),
( 266, 266, 1 ),
( 267, 267, 1 ),
( 268, 268, 1 ),
( 269, 269, 1 ),
( 270, 270, 1 ),
( 271, 271, 1 ),
( 272, 272, 1 ),
( 273, 273, 1 ),
( 274, 274, 1 ),
( 275, 275, 1 ),
( 276, 276, 1 ),
( 277, 277, 1 ),
( 278, 278, 1 ),
( 279, 279, 1 ),
( 280, 280, 1 ),
( 281, 281, 1 ),
( 282, 282, 1 ),
( 283, 283, 1 ),
( 284, 284, 1 ),
( 285, 285, 1 ),
( 286, 286, 1 ),
( 287, 287, 1 ),
( 288, 288, 1 ),
( 289, 289, 1 ),
( 290, 290, 1 ),
( 291, 291, 1 ),
( 292, 292, 1 ),
( 293, 293, 1 ),
( 294, 294, 1 ),
( 295, 295, 1 ),
( 296, 296, 1 ),
( 297, 297, 1 ),
( 298, 298, 1 ),
( 299, 299, 1 ),
( 300, 300, 1 ),
( 301, 301, 1 ),
( 302, 302, 1 ),
( 303, 303, 1 ),
( 304, 304, 1 ),
( 305, 305, 1 ),
( 306, 306, 1 ),
( 307, 307, 1 ),
( 308, 308, 1 ),
( 309, 309, 1 ),
( 310, 310, 1 ),
( 311, 311, 1 ),
( 312, 312, 1 ),
( 313, 313, 1 ),
( 314, 314, 1 ),
( 315, 315, 1 ),
( 316, 316, 1 ),
( 317, 317, 1 ),
( 318, 318, 1 ),
( 319, 319, 1 ),
( 320, 320, 1 ),
( 321, 321, 1 ),
( 322, 322, 1 ),
( 323, 323, 1 ),
( 324, 324, 1 ),
( 325, 325, 1 ),
( 326, 326, 1 ),
( 327, 327, 1 ),
( 328, 328, 1 ),
( 329, 329, 1 ),
( 330, 330, 1 ),
( 331, 331, 1 ),
( 332, 332, 1 ),
( 333, 333, 1 ),
( 334, 334, 1 ),
( 335, 335, 1 ),
( 336, 336, 1 ),
( 337, 337, 1 ),
( 338, 338, 1 ),
( 339, 339, 1 ),
( 340, 340, 1 ),
( 341, 341, 1 ),
( 342, 342, 1 ),
( 343, 343, 1 ),
( 344, 344, 1 ),
( 345, 345, 1 ),
( 346, 346, 1 ),
( 347, 347, 1 ),
( 348, 348, 1 ),
( 349, 349, 1 ),
( 350, 350, 1 ),
( 351, 351, 1 ),
( 352, 352, 1 ),
( 353, 353, 1 ),
( 354, 354, 1 ),
( 355, 355, 1 ),
( 356, 356, 1 ),
( 357, 357, 1 ),
( 358, 358, 1 ),
( 359, 359, 1 ),
( 360, 360, 1 ),
( 361, 361, 1 ),
( 362, 362, 1 ),
( 363, 363, 1 ),
( 364, 364, 1 ),
( 365, 365, 1 ),
( 366, 366, 1 ),
( 367, 367, 1 ),
( 368, 368, 1 ),
( 369, 369, 1 ),
( 370, 370, 1 ),
( 371, 371, 1 ),
( 372, 372, 1 ),
( 373, 373, 1 ),
( 374, 374, 1 ),
( 375, 375, 1 ),
( 376, 376, 1 ),
( 377, 377, 1 ),
( 378, 378, 1 ),
( 379, 379, 1 ),
( 380, 380, 1 ),
( 381, 381, 1 ),
( 382, 382, 1 ),
( 383, 383, 1 ),
( 384, 384, 1 ),
( 385, 385, 1 ),
( 386, 386, 1 ),
( 387, 387, 1 ),
( 388, 388, 1 ),
( 389, 389, 1 ),
( 390, 390, 1 ),
( 391, 391, 1 ),
( 392, 392, 1 ),
( 393, 393, 1 ),
( 394, 394, 1 ),
( 395, 395, 1 ),
( 396, 396, 1 ),
( 397, 397, 1 ),
( 398, 398, 1 ),
( 399, 399, 1 ),
( 400, 400, 1 ),
( 401, 401, 1 ),
( 402, 402, 1 ),
( 403, 403, 1 ),
( 404, 404, 1 ),
( 405, 405, 1 ),
( 406, 406, 1 ),
( 407, 407, 1 ),
( 408, 408, 1 ),
( 409, 409, 1 ),
( 410, 410, 1 ),
( 411, 411, 1 ),
( 412, 412, 1 ),
( 413, 413, 1 ),
( 414, 414, 1 ),
( 415, 415, 1 ),
( 416, 416, 1 ),
( 417, 417, 1 ),
( 418, 418, 1 ),
( 419, 419, 1 ),
( 420, 420, 1 ),
( 421, 421, 1 ),
( 422, 422, 1 ),
( 423, 423, 1 ),
( 424, 424, 1 ),
( 425, 425, 1 ),
( 426, 426, 1 ),
( 427, 427, 1 ),
( 428, 428, 1 ),
( 429, 429, 1 ),
( 430, 430, 1 ),
( 431, 431, 1 ),
( 432, 432, 1 ),
( 433, 433, 1 ),
( 434, 434, 1 ),
( 435, 435, 1 ),
( 436, 436, 1 ),
( 437, 437, 1 ),
( 438, 438, 1 ),
( 439, 439, 1 ),
( 440, 440, 1 ),
( 441, 441, 1 ),
( 442, 442, 1 ),
( 443, 443, 1 ),
( 444, 444, 1 ),
( 445, 445, 1 ),
( 446, 446, 1 ),
( 447, 447, 1 ),
( 448, 448, 1 ),
( 449, 449, 1 ),
( 450, 450, 1 ),
( 451, 451, 1 ),
( 452, 452, 1 ),
( 453, 453, 1 ),
( 454, 454, 1 ),
( 455, 455, 1 ),
( 456, 456, 1 ),
( 457, 457, 1 ),
( 458, 458, 1 ),
( 459, 459, 1 ),
( 460, 460, 1 ),
( 461, 461, 1 ),
( 462, 462, 1 ),
( 463, 463, 1 ),
( 464, 464, 1 ),
( 465, 465, 1 ),
( 466, 466, 1 ),
( 467, 467, 1 ),
( 468, 468, 1 ),
( 469, 469, 1 ),
( 470, 470, 1 ),
( 471, 471, 1 ),
( 472, 472, 1 ),
( 473, 473, 1 ),
( 474, 474, 1 ),
( 475, 475, 1 ),
( 476, 476, 1 ),
( 477, 477, 1 ),
( 478, 478, 1 ),
( 479, 479, 1 ),
( 480, 480, 1 ),
( 481, 481, 1 ),
( 482, 482, 1 ),
( 483, 483, 1 ),
( 484, 484, 1 ),
( 485, 485, 1 ),
( 486, 486, 1 ),
( 487, 487, 1 ),
( 488, 488, 1 ),
( 489, 489, 1 ),
( 490, 490, 1 ),
( 491, 491, 1 ),
( 492, 492, 1 ),
( 493, 493, 1 ),
( 494, 494, 1 ),
( 495, 495, 1 ),
( 496, 496, 1 ),
( 497, 497, 1 ),
( 498, 498, 1 ),
( 499, 499, 1 ),
( 500, 500, 1 ),
( 501, 501, 1 ),
( 502, 502, 1 ),
( 503, 503, 1 ),
( 504, 504, 1 ),
( 505, 505, 1 ),
( 506, 506, 1 ),
( 507, 507, 1 ),
( 508, 508, 1 ),
( 509, 509, 1 ),
( 510, 510, 1 ),
( 511, 511, 1 ),
( 512, 512, 1 ),
( 513, 513, 1 ),
( 514, 514, 1 ),
( 515, 515, 1 ),
( 516, 516, 1 ),
( 517, 517, 1 ),
( 518, 518, 1 ),
( 519, 519, 1 ),
( 520, 520, 1 ),
( 521, 521, 1 ),
( 522, 522, 1 ),
( 523, 523, 1 ),
( 524, 524, 1 ),
( 525, 525, 1 ),
( 526, 526, 1 ),
( 527, 527, 1 ),
( 528, 528, 1 ),
( 529, 529, 1 ),
( 530, 530, 1 ),
( 531, 531, 1 ),
( 532, 532, 1 ),
( 533, 533, 1 ),
( 534, 534, 1 ),
( 535, 535, 1 ),
( 536, 536, 1 ),
( 537, 537, 1 ),
( 538, 538, 1 ),
( 539, 539, 1 ),
( 540, 540, 1 ),
( 541, 541, 1 ),
( 542, 542, 1 ),
( 543, 543, 1 ),
( 544, 544, 1 ),
( 545, 545, 1 ),
( 546, 546, 1 ),
( 547, 547, 1 ),
( 548, 548, 1 ),
( 549, 549, 1 ),
( 550, 550, 1 ),
( 551, 551, 1 ),
( 552, 552, 1 ),
( 553, 553, 1 ),
( 554, 554, 1 ),
( 555, 555, 1 ),
( 556, 556, 1 ),
( 557, 557, 1 ),
( 558, 558, 1 ),
( 559, 559, 1 ),
( 560, 560, 1 ),
( 561, 561, 1 ),
( 562, 562, 1 ),
( 563, 563, 1 ),
( 564, 564, 1 ),
( 565, 565, 1 ),
( 566, 566, 1 ),
( 567, 567, 1 ),
( 568, 568, 1 ),
( 569, 569, 1 ),
( 570, 570, 1 ),
( 571, 571, 1 ),
( 572, 572, 1 ),
( 573, 573, 1 ),
( 574, 574, 1 ),
( 575, 575, 1 ),
( 576, 576, 1 ),
( 577, 577, 1 ),
( 578, 578, 1 ),
( 579, 579, 1 ),
( 580, 580, 1 ),
( 581, 581, 1 ),
( 582, 582, 1 ),
( 583, 583, 1 ),
( 584, 584, 1 ),
( 585, 585, 1 ),
( 586, 586, 1 ),
( 587, 587, 1 ),
( 588, 588, 1 ),
( 589, 589, 1 ),
( 590, 590, 1 ),
( 591, 591, 1 ),
( 592, 592, 1 ),
( 593, 593, 1 ),
( 594, 594, 1 ),
( 595, 595, 1 ),
( 596, 596, 1 ),
( 597, 597, 1 ),
( 598, 598, 1 ),
( 599, 599, 1 ),
( 600, 600, 1 ),
( 601, 601, 1 ),
( 602, 602, 1 ),
( 603, 603, 1 ),
( 604, 604, 1 ),
( 605, 605, 1 ),
( 606, 606, 1 ),
( 607, 607, 1 ),
( 608, 608, 1 ),
( 609, 609, 1 ),
( 610, 610, 1 ),
( 611, 611, 1 ),
( 612, 612, 1 ),
( 613, 613, 1 ),
( 614, 614, 1 ),
( 615, 615, 1 ),
( 616, 616, 1 ),
( 617, 617, 1 ),
( 618, 618, 1 ),
( 619, 619, 1 ),
( 620, 620, 1 ),
( 621, 621, 1 ),
( 622, 622, 1 ),
( 623, 623, 1 ),
( 624, 624, 1 ),
( 625, 625, 1 ),
( 626, 626, 1 ),
( 627, 627, 1 ),
( 628, 628, 1 ),
( 629, 629, 1 ),
( 630, 630, 1 ),
( 631, 631, 1 ),
( 632, 632, 1 ),
( 633, 633, 1 ),
( 634, 634, 1 ),
( 635, 635, 1 ),
( 636, 636, 1 ),
( 637, 637, 1 ),
( 638, 638, 1 ),
( 639, 639, 1 ),
( 640, 640, 1 ),
( 641, 641, 1 ),
( 642, 642, 1 ),
( 643, 643, 1 ),
( 644, 644, 1 ),
( 645, 645, 1 ),
( 646, 646, 1 ),
( 647, 647, 1 ),
( 648, 648, 1 ),
( 649, 649, 1 ),
( 650, 650, 1 ),
( 651, 651, 1 ),
( 652, 652, 1 ),
( 653, 653, 1 ),
( 654, 654, 1 ),
( 655, 655, 1 ),
( 656, 656, 1 ),
( 657, 657, 1 ),
( 658, 658, 1 ),
( 659, 659, 1 ),
( 660, 660, 1 ),
( 661, 661, 1 ),
( 662, 662, 1 ),
( 663, 663, 1 ),
( 664, 664, 1 ),
( 665, 665, 1 ),
( 666, 666, 1 ),
( 667, 667, 1 ),
( 668, 668, 1 ),
( 669, 669, 1 ),
( 670, 670, 1 ),
( 671, 671, 1 ),
( 672, 672, 1 ),
( 673, 673, 1 ),
( 674, 674, 1 ),
( 675, 675, 1 ),
( 676, 676, 1 ),
( 677, 677, 1 ),
( 678, 678, 1 ),
( 679, 679, 1 ),
( 680, 680, 1 ),
( 681, 681, 1 ),
( 682, 682, 1 ),
( 683, 683, 1 ),
( 684, 684, 1 ),
( 685, 685, 1 ),
( 686, 686, 1 ),
( 687, 687, 1 ),
( 688, 688, 1 ),
( 689, 689, 1 ),
( 690, 690, 1 ),
( 691, 691, 1 ),
( 692, 692, 1 ),
( 693, 693, 1 ),
( 694, 694, 1 ),
( 695, 695, 1 ),
( 696, 696, 1 ),
( 697, 697, 1 ),
( 698, 698, 1 ),
( 699, 699, 1 ),
( 700, 700, 1 ),
( 701, 701, 1 ),
( 702, 702, 1 ),
( 703, 703, 1 ),
( 704, 704, 1 ),
( 705, 705, 1 ),
( 706, 706, 1 ),
( 707, 707, 1 ),
( 708, 708, 1 ),
( 709, 709, 1 ),
( 710, 710, 1 ),
( 711, 711, 1 ),
( 712, 712, 1 ),
( 713, 713, 1 ),
( 714, 714, 1 ),
( 715, 715, 1 ),
( 716, 716, 1 ),
( 717, 717, 1 ),
( 718, 718, 1 ),
( 719, 719, 1 ),
( 720, 720, 1 ),
( 721, 721, 1 ),
( 722, 722, 1 ),
( 723, 723, 1 ),
( 724, 724, 1 ),
( 725, 725, 1 ),
( 726, 726, 1 ),
( 727, 727, 1 ),
( 728, 728, 1 ),
( 729, 729, 1 ),
( 730, 730, 1 ),
( 731, 731, 1 ),
( 732, 732, 1 ),
( 733, 733, 1 ),
( 734, 734, 1 ),
( 735, 735, 1 ),
( 736, 736, 1 ),
( 737, 737, 1 ),
( 738, 738, 1 ),
( 739, 739, 1 ),
( 740, 740, 1 ),
( 741, 741, 1 ),
( 742, 742, 1 ),
( 743, 743, 1 ),
( 744, 744, 1 ),
( 745, 745, 1 ),
( 746, 746, 1 ),
( 747, 747, 1 ),
( 748, 748, 1 ),
( 749, 749, 1 ),
( 750, 750, 1 ),
( 751, 751, 1 ),
( 752, 752, 1 ),
( 753, 753, 1 ),
( 754, 754, 1 ),
( 755, 755, 1 ),
( 756, 756, 1 ),
( 757, 757, 1 ),
( 758, 758, 1 ),
( 759, 759, 1 ),
( 760, 760, 1 ),
( 761, 761, 1 ),
( 762, 762, 1 ),
( 763, 763, 1 ),
( 764, 764, 1 ),
( 765, 765, 1 ),
( 766, 766, 1 ),
( 767, 767, 1 ),
( 768, 768, 1 ),
( 769, 769, 1 ),
( 770, 770, 1 ),
( 771, 771, 1 ),
( 772, 772, 1 ),
( 773, 773, 1 ),
( 774, 774, 1 ),
( 775, 775, 1 ),
( 776, 776, 1 ),
( 777, 777, 1 ),
( 778, 778, 1 ),
( 779, 779, 1 ),
( 780, 780, 1 ),
( 781, 781, 1 ),
( 782, 782, 1 ),
( 783, 783, 1 ),
( 784, 784, 1 ),
( 785, 785, 1 ),
( 786, 786, 1 ),
( 787, 787, 1 ),
( 788, 788, 1 ),
( 789, 789, 1 ),
( 790, 790, 1 ),
( 791, 791, 1 ),
( 792, 792, 1 ),
( 793, 793, 1 ),
( 794, 794, 1 ),
( 795, 795, 1 ),
( 796, 796, 1 ),
( 797, 797, 1 ),
( 798, 798, 1 ),
( 799, 799, 1 ),
( 800, 800, 1 ),
( 801, 801, 1 ),
( 802, 802, 1 ),
( 803, 803, 1 ),
( 804, 804, 1 ),
( 805, 805, 1 ),
( 806, 806, 1 ),
( 807, 807, 1 ),
( 808, 808, 1 ),
( 809, 809, 1 ),
( 810, 810, 1 ),
( 811, 811, 1 ),
( 812, 812, 1 ),
( 813, 813, 1 ),
( 814, 814, 1 ),
( 815, 815, 1 ),
( 816, 816, 1 ),
( 817, 817, 1 ),
( 818, 818, 1 ),
( 819, 819, 1 ),
( 820, 820, 1 ),
( 821, 821, 1 ),
( 822, 822, 1 ),
( 823, 823, 1 ),
( 824, 824, 1 ),
( 825, 825, 1 ),
( 826, 826, 1 ),
( 827, 827, 1 ),
( 828, 828, 1 ),
( 829, 829, 1 ),
( 830, 830, 1 ),
( 831, 831, 1 ),
( 832, 832, 1 ),
( 833, 833, 1 ),
( 834, 834, 1 ),
( 835, 835, 1 ),
( 836, 836, 1 ),
( 837, 837, 1 ),
( 838, 838, 1 ),
( 839, 839, 1 ),
( 840, 840, 1 ),
( 841, 841, 1 ),
( 842, 842, 1 ),
( 843, 843, 1 ),
( 844, 844, 1 ),
( 845, 845, 1 ),
( 846, 846, 1 ),
( 847, 847, 1 ),
( 848, 848, 1 ),
( 849, 849, 1 ),
( 850, 850, 1 ),
( 851, 851, 1 ),
( 852, 852, 1 ),
( 853, 853, 1 ),
( 854, 854, 1 ),
( 855, 855, 1 ),
( 856, 856, 1 ),
( 857, 857, 1 ),
( 858, 858, 1 ),
( 859, 859, 1 ),
( 860, 860, 1 ),
( 861, 861, 1 ),
( 862, 862, 1 ),
( 863, 863, 1 ),
( 864, 864, 1 ),
( 865, 865, 1 ),
( 866, 866, 1 ),
( 867, 867, 1 ),
( 868, 868, 1 ),
( 869, 869, 1 ),
( 870, 870, 1 ),
( 871, 871, 1 ),
( 872, 872, 1 ),
( 873, 873, 1 ),
( 874, 874, 1 ),
( 875, 875, 1 ),
( 876, 876, 1 ),
( 877, 877, 1 ),
( 878, 878, 1 ),
( 879, 879, 1 ),
( 880, 880, 1 ),
( 881, 881, 1 ),
( 882, 882, 1 ),
( 883, 883, 1 ),
( 884, 884, 1 ),
( 885, 885, 1 ),
( 886, 886, 1 ),
( 887, 887, 1 ),
( 888, 888, 1 ),
( 889, 889, 1 ),
( 890, 890, 1 ),
( 891, 891, 1 ),
( 892, 892, 1 ),
( 893, 893, 1 ),
( 894, 894, 1 ),
( 895, 895, 1 ),
( 896, 896, 1 ),
( 897, 897, 1 ),
( 898, 898, 1 ),
( 899, 899, 1 ),
( 900, 900, 1 ),
( 901, 901, 1 ),
( 902, 902, 1 ),
( 903, 903, 1 ),
( 904, 904, 1 ),
( 905, 905, 1 ),
( 906, 906, 1 ),
( 907, 907, 1 ),
( 908, 908, 1 ),
( 909, 909, 1 ),
( 910, 910, 1 ),
( 911, 911, 1 ),
( 912, 912, 1 ),
( 913, 913, 1 ),
( 914, 914, 1 ),
( 915, 915, 1 ),
( 916, 916, 1 ),
( 917, 917, 1 ),
( 918, 918, 1 ),
( 919, 919, 1 ),
( 920, 920, 1 ),
( 921, 921, 1 ),
( 922, 922, 1 ),
( 923, 923, 1 ),
( 924, 924, 1 ),
( 925, 925, 1 ),
( 926, 926, 1 ),
( 927, 927, 1 ),
( 928, 928, 1 ),
( 929, 929, 1 ),
( 930, 930, 1 ),
( 931, 931, 1 ),
( 932, 932, 1 ),
( 933, 933, 1 ),
( 934, 934, 1 ),
( 935, 935, 1 ),
( 936, 936, 1 ),
( 937, 937, 1 ),
( 938, 938, 1 ),
( 939, 939, 1 ),
( 940, 940, 1 ),
( 941, 941, 1 ),
( 942, 942, 1 ),
( 943, 943, 1 ),
( 944, 944, 1 ),
( 945, 945, 1 ),
( 946, 946, 1 ),
( 947, 947, 1 ),
( 948, 948, 1 ),
( 949, 949, 1 ),
( 950, 950, 1 ),
( 951, 951, 1 ),
( 952, 952, 1 ),
( 953, 953, 1 ),
( 954, 954, 1 ),
( 955, 955, 1 ),
( 956, 956, 1 ),
( 957, 957, 1 ),
( 958, 958, 1 ),
( 959, 959, 1 ),
( 960, 960, 1 ),
( 961, 961, 1 ),
( 962, 962, 1 ),
( 963, 963, 1 ),
( 964, 964, 1 ),
( 965, 965, 1 ),
( 966, 966, 1 ),
( 967, 967, 1 ),
( 968, 968, 1 ),
( 969, 969, 1 ),
( 970, 970, 1 ),
( 971, 971, 1 ),
( 972, 972, 1 ),
( 973, 973, 1 ),
( 974, 974, 1 ),
( 975, 975, 1 ),
( 976, 976, 1 ),
( 977, 977, 1 ),
( 978, 978, 1 ),
( 979, 979, 1 ),
( 980, 980, 1 ),
( 981, 981, 1 ),
( 982, 982, 1 ),
( 983, 983, 1 ),
( 984, 984, 1 ),
( 985, 985, 1 ),
( 986, 986, 1 ),
( 987, 987, 1 ),
( 988, 988, 1 ),
( 989, 989, 1 ),
( 990, 990, 1 ),
( 991, 991, 1 ),
( 992, 992, 1 ),
( 993, 993, 1 ),
( 994, 994, 1 ),
( 995, 995, 1 ),
( 996, 996, 1 ),
( 997, 997, 1 ),
( 998, 998, 1 ),
( 999, 999, 1 ),
( 1000, 1000, 1 ),
( 1001, 1001, 1 ),
( 1002, 1002, 1 ),
( 1003, 1003, 1 ),
( 1004, 1004, 1 ),
( 1005, 1005, 1 ),
( 1006, 1006, 1 ),
( 1007, 1007, 1 ),
( 1008, 1008, 1 ),
( 1009, 1009, 1 ),
( 1010, 1010, 1 ),
( 1011, 1011, 1 ),
( 1012, 1012, 1 ),
( 1013, 1013, 1 ),
( 1014, 1014, 1 ),
( 1015, 1015, 1 ),
( 1016, 1016, 1 ),
( 1017, 1017, 1 ),
( 1018, 1018, 1 ),
( 1019, 1019, 1 ),
( 1020, 1020, 1 ),
( 1021, 1021, 1 ),
( 1022, 1022, 1 ),
( 1023, 1023, 1 ),
( 1024, 1024, 1 ),
( 1025, 1025, 1 ),
( 1026, 1026, 1 ),
( 1027, 1027, 1 ),
( 1028, 1028, 1 ),
( 1029, 1029, 1 ),
( 1030, 1030, 1 ),
( 1031, 1031, 1 ),
( 1032, 1032, 1 ),
( 1033, 1033, 1 ),
( 1034, 1034, 1 ),
( 1035, 1035, 1 ),
( 1036, 1036, 1 ),
( 1037, 1037, 1 ),
( 1038, 1038, 1 ),
( 1039, 1039, 1 ),
( 1040, 1040, 1 ),
( 1041, 1041, 1 ),
( 1042, 1042, 1 ),
( 1043, 1043, 1 ),
( 1044, 1044, 1 ),
( 1045, 1045, 1 ),
( 1046, 1046, 1 ),
( 1047, 1047, 1 ),
( 1048, 1048, 1 ),
( 1049, 1049, 1 ),
( 1050, 1050, 1 ),
( 1051, 1051, 1 ),
( 1052, 1052, 1 ),
( 1053, 1053, 1 ),
( 1054, 1054, 1 ),
( 1055, 1055, 1 ),
( 1056, 1056, 1 ),
( 1057, 1057, 1 ),
( 1058, 1058, 1 ),
( 1059, 1059, 1 ),
( 1060, 1060, 1 ),
( 1061, 1061, 1 ),
( 1062, 1062, 1 ),
( 1063, 1063, 1 ),
( 1064, 1064, 1 ),
( 1065, 1065, 1 ),
( 1066, 1066, 1 ),
( 1067, 1067, 1 ),
( 1068, 1068, 1 ),
( 1069, 1069, 1 ),
( 1070, 1070, 1 ),
( 1071, 1071, 1 ),
( 1072, 1072, 1 ),
( 1073, 1073, 1 ),
( 1074, 1074, 1 ),
( 1075, 1075, 1 ),
( 1076, 1076, 1 ),
( 1077, 1077, 1 ),
( 1078, 1078, 1 ),
( 1079, 1079, 1 ),
( 1080, 1080, 1 ),
( 1081, 1081, 1 ),
( 1082, 1082, 1 ),
( 1083, 1083, 1 ),
( 1084, 1084, 1 ),
( 1085, 1085, 1 ),
( 1086, 1086, 1 ),
( 1087, 1087, 1 ),
( 1088, 1088, 1 ),
( 1089, 1089, 1 ),
( 1090, 1090, 1 ),
( 1091, 1091, 1 ),
( 1092, 1092, 1 ),
( 1093, 1093, 1 ),
( 1094, 1094, 1 ),
( 1095, 1095, 1 ),
( 1096, 1096, 1 ),
( 1097, 1097, 1 ),
( 1098, 1098, 1 ),
( 1099, 1099, 1 ),
( 1100, 1100, 1 ),
( 1101, 1101, 1 ),
( 1102, 1102, 1 ),
( 1103, 1103, 1 ),
( 1104, 1104, 1 ),
( 1105, 1105, 1 ),
( 1106, 1106, 1 ),
( 1107, 1107, 1 ),
( 1108, 1108, 1 ),
( 1109, 1109, 1 ),
( 1110, 1110, 1 ),
( 1111, 1111, 1 ),
( 1112, 1112, 1 ),
( 1113, 1113, 1 ),
( 1114, 1114, 1 ),
( 1115, 1115, 1 ),
( 1116, 1116, 1 ),
( 1117, 1117, 1 ),
( 1118, 1118, 1 ),
( 1119, 1119, 1 ),
( 1120, 1120, 1 ),
( 1121, 1121, 1 ),
( 1122, 1122, 1 ),
( 1123, 1123, 1 ),
( 1124, 1124, 1 ),
( 1125, 1125, 1 ),
( 1126, 1126, 1 ),
( 1127, 1127, 1 ),
( 1128, 1128, 1 ),
( 1129, 1129, 1 ),
( 1130, 1130, 1 ),
( 1131, 1131, 1 ),
( 1132, 1132, 1 ),
( 1133, 1133, 1 ),
( 1134, 1134, 1 ),
( 1135, 1135, 1 ),
( 1136, 1136, 1 ),
( 1137, 1137, 1 ),
( 1138, 1138, 1 ),
( 1139, 1139, 1 ),
( 1140, 1140, 1 ),
( 1141, 1141, 1 ),
( 1142, 1142, 1 ),
( 1143, 1143, 1 ),
( 1144, 1144, 1 ),
( 1145, 1145, 1 ),
( 1146, 1146, 1 ),
( 1147, 1147, 1 ),
( 1148, 1148, 1 ),
( 1149, 1149, 1 ),
( 1150, 1150, 1 ),
( 1151, 1151, 1 ),
( 1152, 1152, 1 ),
( 1153, 1153, 1 ),
( 1154, 1154, 1 ),
( 1155, 1155, 1 ),
( 1156, 1156, 1 ),
( 1157, 1157, 1 ),
( 1158, 1158, 1 ),
( 1159, 1159, 1 ),
( 1160, 1160, 1 ),
( 1161, 1161, 1 ),
( 1162, 1162, 1 ),
( 1163, 1163, 1 ),
( 1164, 1164, 1 ),
( 1165, 1165, 1 ),
( 1166, 1166, 1 ),
( 1167, 1167, 1 ),
( 1168, 1168, 1 ),
( 1169, 1169, 1 ),
( 1170, 1170, 1 ),
( 1171, 1171, 1 ),
( 1172, 1172, 1 ),
( 1173, 1173, 1 ),
( 1174, 1174, 1 ),
( 1175, 1175, 1 ),
( 1176, 1176, 1 ),
( 1177, 1177, 1 ),
( 1178, 1178, 1 ),
( 1179, 1179, 1 ),
( 1180, 1180, 1 ),
( 1181, 1181, 1 ),
( 1182, 1182, 1 ),
( 1183, 1183, 1 ),
( 1184, 1184, 1 ),
( 1185, 1185, 1 ),
( 1186, 1186, 1 ),
( 1187, 1187, 1 ),
( 1188, 1188, 1 ),
( 1189, 1189, 1 ),
( 1190, 1190, 1 ),
( 1191, 1191, 1 ),
( 1192, 1192, 1 ),
( 1193, 1193, 1 ),
( 1194, 1194, 1 ),
( 1195, 1195, 1 ),
( 1196, 1196, 1 ),
( 1197, 1197, 1 ),
( 1198, 1198, 1 ),
( 1199, 1199, 1 ),
( 1200, 1200, 1 ),
( 1201, 1201, 1 ),
( 1202, 1202, 1 ),
( 1203, 1203, 1 ),
( 1204, 1204, 1 ),
( 1205, 1205, 1 ),
( 1206, 1206, 1 ),
( 1207, 1207, 1 ),
( 1208, 1208, 1 ),
( 1209, 1209, 1 ),
( 1210, 1210, 1 ),
( 1211, 1211, 1 ),
( 1212, 1212, 1 ),
( 1213, 1213, 1 ),
( 1214, 1214, 1 ),
( 1215, 1215, 1 ),
( 1216, 1216, 1 ),
( 1217, 1217, 1 ),
( 1218, 1218, 1 ),
( 1219, 1219, 1 ),
( 1220, 1220, 1 ),
( 1221, 1221, 1 ),
( 1222, 1222, 1 ),
( 1223, 1223, 1 ),
( 1224, 1224, 1 ),
( 1225, 1225, 1 ),
( 1226, 1226, 1 ),
( 1227, 1227, 1 ),
( 1228, 1228, 1 ),
( 1229, 1229, 1 ),
( 1230, 1230, 1 ),
( 1231, 1231, 1 ),
( 1232, 1232, 1 ),
( 1233, 1233, 1 ),
( 1234, 1234, 1 ),
( 1235, 1235, 1 ),
( 1236, 1236, 1 ),
( 1237, 1237, 1 ),
( 1238, 1238, 1 ),
( 1239, 1239, 1 ),
( 1240, 1240, 1 ),
( 1241, 1241, 1 ),
( 1242, 1242, 1 ),
( 1243, 1243, 1 ),
( 1244, 1244, 1 ),
( 1245, 1245, 1 ),
( 1246, 1246, 1 ),
( 1247, 1247, 1 ),
( 1248, 1248, 1 ),
( 1249, 1249, 1 ),
( 1250, 1250, 1 ),
( 1251, 1251, 1 ),
( 1252, 1252, 1 ),
( 1253, 1253, 1 ),
( 1254, 1254, 1 ),
( 1255, 1255, 1 ),
( 1256, 1256, 1 ),
( 1257, 1257, 1 ),
( 1258, 1258, 1 ),
( 1259, 1259, 1 ),
( 1260, 1260, 1 ),
( 1261, 1261, 1 ),
( 1262, 1262, 1 ),
( 1263, 1263, 1 ),
( 1264, 1264, 1 ),
( 1265, 1265, 1 ),
( 1266, 1266, 1 ),
( 1267, 1267, 1 ),
( 1268, 1268, 1 ),
( 1269, 1269, 1 ),
( 1270, 1270, 1 ),
( 1271, 1271, 1 ),
( 1272, 1272, 1 ),
( 1273, 1273, 1 ),
( 1274, 1274, 1 ),
( 1275, 1275, 1 ),
( 1276, 1276, 1 ),
( 1277, 1277, 1 ),
( 1278, 1278, 1 ),
( 1279, 1279, 1 ),
( 1280, 1280, 1 ),
( 1281, 1281, 1 ),
( 1282, 1282, 1 ),
( 1283, 1283, 1 ),
( 1284, 1284, 1 ),
( 1285, 1285, 1 ),
( 1286, 1286, 1 ),
( 1287, 1287, 1 ),
( 1288, 1288, 1 ),
( 1289, 1289, 1 ),
( 1290, 1290, 1 ),
( 1291, 1291, 1 ),
( 1292, 1292, 1 ),
( 1293, 1293, 1 ),
( 1294, 1294, 1 ),
( 1295, 1295, 1 ),
( 1296, 1296, 1 ),
( 1297, 1297, 1 ),
( 1298, 1298, 1 ),
( 1299, 1299, 1 ),
( 1300, 1300, 1 ),
( 1301, 1301, 1 ),
( 1302, 1302, 1 ),
( 1303, 1303, 1 ),
( 1304, 1304, 1 ),
( 1305, 1305, 1 ),
( 1306, 1306, 1 ),
( 1307, 1307, 1 ),
( 1308, 1308, 1 ),
( 1309, 1309, 1 ),
( 1310, 1310, 1 ),
( 1311, 1311, 1 ),
( 1312, 1312, 1 ),
( 1313, 1313, 1 ),
( 1314, 1314, 1 ),
( 1315, 1315, 1 ),
( 1316, 1316, 1 ),
( 1317, 1317, 1 ),
( 1318, 1318, 1 ),
( 1319, 1319, 1 ),
( 1320, 1320, 1 ),
( 1321, 1321, 1 ),
( 1322, 1322, 1 ),
( 1323, 1323, 1 ),
( 1324, 1324, 1 ),
( 1325, 1325, 1 ),
( 1326, 1326, 1 ),
( 1327, 1327, 1 ),
( 1328, 1328, 1 ),
( 1329, 1329, 1 ),
( 1330, 1330, 1 ),
( 1331, 1, 2 ),
( 1332, 2, 2 ),
( 1333, 3, 2 ),
( 1334, 4, 2 ),
( 1335, 5, 2 ),
( 1336, 6, 2 ),
( 1337, 7, 2 ),
( 1338, 8, 2 ),
( 1339, 9, 2 ),
( 1340, 10, 2 ),
( 1341, 11, 2 ),
( 1342, 12, 2 ),
( 1343, 13, 2 ),
( 1344, 14, 2 ),
( 1345, 15, 2 ),
( 1346, 16, 2 ),
( 1347, 17, 2 ),
( 1348, 18, 2 ),
( 1349, 19, 2 ),
( 1350, 20, 2 ),
( 1351, 21, 2 ),
( 1352, 22, 2 ),
( 1353, 23, 2 ),
( 1354, 24, 2 ),
( 1355, 25, 2 ),
( 1356, 26, 2 ),
( 1357, 27, 2 ),
( 1358, 28, 2 ),
( 1359, 29, 2 ),
( 1360, 30, 2 ),
( 1361, 31, 2 ),
( 1362, 32, 2 ),
( 1363, 33, 2 ),
( 1364, 34, 2 ),
( 1365, 35, 2 ),
( 1366, 36, 2 ),
( 1367, 37, 2 ),
( 1368, 38, 2 ),
( 1369, 39, 2 ),
( 1370, 40, 2 ),
( 1371, 41, 2 ),
( 1372, 42, 2 ),
( 1373, 43, 2 ),
( 1374, 44, 2 ),
( 1375, 45, 2 ),
( 1376, 46, 2 ),
( 1377, 47, 2 ),
( 1378, 48, 2 ),
( 1379, 49, 2 ),
( 1380, 50, 2 ),
( 1381, 51, 2 ),
( 1382, 52, 2 ),
( 1383, 53, 2 ),
( 1384, 54, 2 ),
( 1385, 55, 2 ),
( 1386, 56, 2 ),
( 1387, 57, 2 ),
( 1388, 58, 2 ),
( 1389, 59, 2 ),
( 1390, 60, 2 ),
( 1391, 61, 2 ),
( 1392, 62, 2 ),
( 1393, 63, 2 ),
( 1394, 64, 2 ),
( 1395, 65, 2 ),
( 1396, 66, 2 ),
( 1397, 67, 2 ),
( 1398, 68, 2 ),
( 1399, 69, 2 ),
( 1400, 70, 2 ),
( 1401, 71, 2 ),
( 1402, 72, 2 ),
( 1403, 73, 2 ),
( 1404, 74, 2 ),
( 1405, 75, 2 ),
( 1406, 76, 2 ),
( 1407, 77, 2 ),
( 1408, 78, 2 ),
( 1409, 79, 2 ),
( 1410, 80, 2 ),
( 1411, 81, 2 ),
( 1412, 82, 2 ),
( 1413, 83, 2 ),
( 1414, 84, 2 ),
( 1415, 85, 2 ),
( 1416, 86, 2 ),
( 1417, 87, 2 ),
( 1418, 88, 2 ),
( 1419, 89, 2 ),
( 1420, 90, 2 ),
( 1421, 91, 2 ),
( 1422, 92, 2 ),
( 1423, 93, 2 ),
( 1424, 94, 2 ),
( 1425, 95, 2 ),
( 1426, 96, 2 ),
( 1427, 97, 2 ),
( 1428, 98, 2 ),
( 1429, 99, 2 ),
( 1430, 100, 2 ),
( 1431, 101, 2 ),
( 1432, 102, 2 ),
( 1433, 103, 2 ),
( 1434, 104, 2 ),
( 1435, 105, 2 ),
( 1436, 106, 2 ),
( 1437, 107, 2 ),
( 1438, 108, 2 ),
( 1439, 109, 2 ),
( 1440, 110, 2 ),
( 1441, 111, 2 ),
( 1442, 112, 2 ),
( 1443, 113, 2 ),
( 1444, 114, 2 ),
( 1445, 115, 2 ),
( 1446, 116, 2 ),
( 1447, 117, 2 ),
( 1448, 118, 2 ),
( 1449, 119, 2 ),
( 1450, 120, 2 ),
( 1451, 121, 2 ),
( 1452, 122, 2 ),
( 1453, 123, 2 ),
( 1454, 124, 2 ),
( 1455, 125, 2 ),
( 1456, 126, 2 ),
( 1457, 127, 2 ),
( 1458, 128, 2 ),
( 1459, 129, 2 ),
( 1460, 130, 2 ),
( 1461, 131, 2 ),
( 1462, 132, 2 ),
( 1463, 133, 2 ),
( 1464, 134, 2 ),
( 1465, 135, 2 ),
( 1466, 136, 2 ),
( 1467, 137, 2 ),
( 1468, 138, 2 ),
( 1469, 139, 2 ),
( 1470, 140, 2 ),
( 1471, 141, 2 ),
( 1472, 142, 2 ),
( 1473, 143, 2 ),
( 1474, 144, 2 ),
( 1475, 145, 2 ),
( 1476, 146, 2 ),
( 1477, 147, 2 ),
( 1478, 148, 2 ),
( 1479, 149, 2 ),
( 1480, 150, 2 ),
( 1481, 151, 2 ),
( 1482, 152, 2 ),
( 1483, 153, 2 ),
( 1484, 154, 2 ),
( 1485, 155, 2 ),
( 1486, 156, 2 ),
( 1487, 157, 2 ),
( 1488, 158, 2 ),
( 1489, 159, 2 ),
( 1490, 160, 2 ),
( 1491, 161, 2 ),
( 1492, 162, 2 ),
( 1493, 163, 2 ),
( 1494, 164, 2 ),
( 1495, 165, 2 ),
( 1496, 166, 2 ),
( 1497, 167, 2 ),
( 1498, 168, 2 ),
( 1499, 169, 2 ),
( 1500, 170, 2 ),
( 1501, 171, 2 ),
( 1502, 172, 2 ),
( 1503, 173, 2 ),
( 1504, 174, 2 ),
( 1505, 175, 2 ),
( 1506, 176, 2 ),
( 1507, 177, 2 ),
( 1508, 178, 2 ),
( 1509, 179, 2 ),
( 1510, 180, 2 ),
( 1511, 181, 2 ),
( 1512, 182, 2 ),
( 1513, 183, 2 ),
( 1514, 184, 2 ),
( 1515, 185, 2 ),
( 1516, 186, 2 ),
( 1517, 187, 2 ),
( 1518, 188, 2 ),
( 1519, 189, 2 ),
( 1520, 190, 2 ),
( 1521, 191, 2 ),
( 1522, 192, 2 ),
( 1523, 193, 2 ),
( 1524, 194, 2 ),
( 1525, 195, 2 ),
( 1526, 196, 2 ),
( 1527, 197, 2 ),
( 1528, 198, 2 ),
( 1529, 199, 2 ),
( 1530, 200, 2 ),
( 1531, 201, 2 ),
( 1532, 202, 2 ),
( 1533, 203, 2 ),
( 1534, 204, 2 ),
( 1535, 205, 2 ),
( 1536, 206, 2 ),
( 1537, 207, 2 ),
( 1538, 208, 2 ),
( 1539, 209, 2 ),
( 1540, 210, 2 ),
( 1541, 211, 2 ),
( 1542, 212, 2 ),
( 1543, 213, 2 ),
( 1544, 214, 2 ),
( 1545, 215, 2 ),
( 1546, 216, 2 ),
( 1547, 217, 2 ),
( 1548, 218, 2 ),
( 1549, 219, 2 ),
( 1550, 220, 2 ),
( 1551, 221, 2 ),
( 1552, 222, 2 ),
( 1553, 223, 2 ),
( 1554, 224, 2 ),
( 1555, 225, 2 ),
( 1556, 226, 2 ),
( 1557, 227, 2 ),
( 1558, 228, 2 ),
( 1559, 229, 2 ),
( 1560, 230, 2 ),
( 1561, 231, 2 ),
( 1562, 232, 2 ),
( 1563, 233, 2 ),
( 1564, 234, 2 ),
( 1565, 235, 2 ),
( 1566, 236, 2 ),
( 1567, 237, 2 ),
( 1568, 238, 2 ),
( 1569, 239, 2 ),
( 1570, 240, 2 ),
( 1571, 241, 2 ),
( 1572, 242, 2 ),
( 1573, 243, 2 ),
( 1574, 244, 2 ),
( 1575, 245, 2 ),
( 1576, 246, 2 ),
( 1577, 247, 2 ),
( 1578, 248, 2 ),
( 1579, 249, 2 ),
( 1580, 250, 2 ),
( 1581, 251, 2 ),
( 1582, 252, 2 ),
( 1583, 253, 2 ),
( 1584, 254, 2 ),
( 1585, 255, 2 ),
( 1586, 256, 2 ),
( 1587, 257, 2 ),
( 1588, 258, 2 ),
( 1589, 259, 2 ),
( 1590, 260, 2 ),
( 1591, 261, 2 ),
( 1592, 262, 2 ),
( 1593, 263, 2 ),
( 1594, 264, 2 ),
( 1595, 265, 2 ),
( 1596, 266, 2 ),
( 1597, 267, 2 ),
( 1598, 268, 2 ),
( 1599, 269, 2 ),
( 1600, 270, 2 ),
( 1601, 271, 2 ),
( 1602, 272, 2 ),
( 1603, 273, 2 ),
( 1604, 274, 2 ),
( 1605, 275, 2 ),
( 1606, 276, 2 ),
( 1607, 277, 2 ),
( 1608, 278, 2 ),
( 1609, 279, 2 ),
( 1610, 280, 2 ),
( 1611, 281, 2 ),
( 1612, 282, 2 ),
( 1613, 283, 2 ),
( 1614, 284, 2 ),
( 1615, 285, 2 ),
( 1616, 286, 2 ),
( 1617, 287, 2 ),
( 1618, 288, 2 ),
( 1619, 289, 2 ),
( 1620, 290, 2 ),
( 1621, 291, 2 ),
( 1622, 292, 2 ),
( 1623, 293, 2 ),
( 1624, 294, 2 ),
( 1625, 295, 2 ),
( 1626, 296, 2 ),
( 1627, 297, 2 ),
( 1628, 298, 2 ),
( 1629, 299, 2 ),
( 1630, 300, 2 ),
( 1631, 301, 2 ),
( 1632, 302, 2 ),
( 1633, 303, 2 ),
( 1634, 304, 2 ),
( 1635, 305, 2 ),
( 1636, 306, 2 ),
( 1637, 307, 2 ),
( 1638, 308, 2 ),
( 1639, 309, 2 ),
( 1640, 310, 2 ),
( 1641, 311, 2 ),
( 1642, 312, 2 ),
( 1643, 313, 2 ),
( 1644, 314, 2 ),
( 1645, 315, 2 ),
( 1646, 316, 2 ),
( 1647, 317, 2 ),
( 1648, 318, 2 ),
( 1649, 319, 2 ),
( 1650, 320, 2 ),
( 1651, 321, 2 ),
( 1652, 322, 2 ),
( 1653, 323, 2 ),
( 1654, 324, 2 ),
( 1655, 325, 2 ),
( 1656, 326, 2 ),
( 1657, 327, 2 ),
( 1658, 328, 2 ),
( 1659, 329, 2 ),
( 1660, 330, 2 ),
( 1661, 331, 2 ),
( 1662, 332, 2 ),
( 1663, 333, 2 ),
( 1664, 334, 2 ),
( 1665, 335, 2 ),
( 1666, 336, 2 ),
( 1667, 337, 2 ),
( 1668, 338, 2 ),
( 1669, 339, 2 ),
( 1670, 340, 2 ),
( 1671, 341, 2 ),
( 1672, 342, 2 ),
( 1673, 343, 2 ),
( 1674, 344, 2 ),
( 1675, 345, 2 ),
( 1676, 346, 2 ),
( 1677, 347, 2 ),
( 1678, 348, 2 ),
( 1679, 349, 2 ),
( 1680, 350, 2 ),
( 1681, 351, 2 ),
( 1682, 352, 2 ),
( 1683, 353, 2 ),
( 1684, 354, 2 ),
( 1685, 355, 2 ),
( 1686, 356, 2 ),
( 1687, 357, 2 ),
( 1688, 358, 2 ),
( 1689, 359, 2 ),
( 1690, 360, 2 ),
( 1691, 361, 2 ),
( 1692, 362, 2 ),
( 1693, 363, 2 ),
( 1694, 364, 2 ),
( 1695, 365, 2 ),
( 1696, 366, 2 ),
( 1697, 367, 2 ),
( 1698, 368, 2 ),
( 1699, 369, 2 ),
( 1700, 370, 2 ),
( 1701, 371, 2 ),
( 1702, 372, 2 ),
( 1703, 373, 2 ),
( 1704, 374, 2 ),
( 1705, 375, 2 ),
( 1706, 376, 2 ),
( 1707, 377, 2 ),
( 1708, 378, 2 ),
( 1709, 379, 2 ),
( 1710, 380, 2 ),
( 1711, 381, 2 ),
( 1712, 382, 2 ),
( 1713, 383, 2 ),
( 1714, 384, 2 ),
( 1715, 385, 2 ),
( 1716, 386, 2 ),
( 1717, 387, 2 ),
( 1718, 388, 2 ),
( 1719, 389, 2 ),
( 1720, 390, 2 ),
( 1721, 391, 2 ),
( 1722, 392, 2 ),
( 1723, 393, 2 ),
( 1724, 394, 2 ),
( 1725, 395, 2 ),
( 1726, 396, 2 ),
( 1727, 397, 2 ),
( 1728, 398, 2 ),
( 1729, 399, 2 ),
( 1730, 400, 2 ),
( 1731, 401, 2 ),
( 1732, 402, 2 ),
( 1733, 403, 2 ),
( 1734, 404, 2 ),
( 1735, 405, 2 ),
( 1736, 406, 2 ),
( 1737, 407, 2 ),
( 1738, 408, 2 ),
( 1739, 409, 2 ),
( 1740, 410, 2 ),
( 1741, 411, 2 ),
( 1742, 412, 2 ),
( 1743, 413, 2 ),
( 1744, 414, 2 ),
( 1745, 415, 2 ),
( 1746, 416, 2 ),
( 1747, 417, 2 ),
( 1748, 418, 2 ),
( 1749, 419, 2 ),
( 1750, 420, 2 ),
( 1751, 421, 2 ),
( 1752, 422, 2 ),
( 1753, 423, 2 ),
( 1754, 424, 2 ),
( 1755, 425, 2 ),
( 1756, 426, 2 ),
( 1757, 427, 2 ),
( 1758, 428, 2 ),
( 1759, 429, 2 ),
( 1760, 430, 2 ),
( 1761, 431, 2 ),
( 1762, 432, 2 ),
( 1763, 433, 2 ),
( 1764, 434, 2 ),
( 1765, 435, 2 ),
( 1766, 436, 2 ),
( 1767, 437, 2 ),
( 1768, 438, 2 ),
( 1769, 439, 2 ),
( 1770, 440, 2 ),
( 1771, 441, 2 ),
( 1772, 442, 2 ),
( 1773, 443, 2 ),
( 1774, 444, 2 ),
( 1775, 445, 2 ),
( 1776, 446, 2 ),
( 1777, 447, 2 ),
( 1778, 448, 2 ),
( 1779, 449, 2 ),
( 1780, 450, 2 ),
( 1781, 451, 2 ),
( 1782, 452, 2 ),
( 1783, 453, 2 ),
( 1784, 454, 2 ),
( 1785, 455, 2 ),
( 1786, 456, 2 ),
( 1787, 457, 2 ),
( 1788, 458, 2 ),
( 1789, 459, 2 ),
( 1790, 460, 2 ),
( 1791, 461, 2 ),
( 1792, 462, 2 ),
( 1793, 463, 2 ),
( 1794, 464, 2 ),
( 1795, 465, 2 ),
( 1796, 466, 2 ),
( 1797, 467, 2 ),
( 1798, 468, 2 ),
( 1799, 469, 2 ),
( 1800, 470, 2 ),
( 1801, 471, 2 ),
( 1802, 472, 2 ),
( 1803, 473, 2 ),
( 1804, 474, 2 ),
( 1805, 475, 2 ),
( 1806, 476, 2 ),
( 1807, 477, 2 ),
( 1808, 478, 2 ),
( 1809, 479, 2 ),
( 1810, 480, 2 ),
( 1811, 481, 2 ),
( 1812, 482, 2 ),
( 1813, 483, 2 ),
( 1814, 484, 2 ),
( 1815, 485, 2 ),
( 1816, 486, 2 ),
( 1817, 487, 2 ),
( 1818, 488, 2 ),
( 1819, 489, 2 ),
( 1820, 490, 2 ),
( 1821, 491, 2 ),
( 1822, 492, 2 ),
( 1823, 493, 2 ),
( 1824, 494, 2 ),
( 1825, 495, 2 ),
( 1826, 496, 2 ),
( 1827, 497, 2 ),
( 1828, 498, 2 ),
( 1829, 499, 2 ),
( 1830, 500, 2 ),
( 1831, 501, 2 ),
( 1832, 502, 2 ),
( 1833, 503, 2 ),
( 1834, 504, 2 ),
( 1835, 505, 2 ),
( 1836, 506, 2 ),
( 1837, 507, 2 ),
( 1838, 508, 2 ),
( 1839, 509, 2 ),
( 1840, 510, 2 ),
( 1841, 511, 2 ),
( 1842, 512, 2 ),
( 1843, 513, 2 ),
( 1844, 514, 2 ),
( 1845, 515, 2 ),
( 1846, 516, 2 ),
( 1847, 517, 2 ),
( 1848, 518, 2 ),
( 1849, 519, 2 ),
( 1850, 520, 2 ),
( 1851, 521, 2 ),
( 1852, 522, 2 ),
( 1853, 523, 2 ),
( 1854, 524, 2 ),
( 1855, 525, 2 ),
( 1856, 526, 2 ),
( 1857, 527, 2 ),
( 1858, 528, 2 ),
( 1859, 529, 2 ),
( 1860, 530, 2 ),
( 1861, 531, 2 ),
( 1862, 532, 2 ),
( 1863, 533, 2 ),
( 1864, 534, 2 ),
( 1865, 535, 2 ),
( 1866, 536, 2 ),
( 1867, 537, 2 ),
( 1868, 538, 2 ),
( 1869, 539, 2 ),
( 1870, 540, 2 ),
( 1871, 541, 2 ),
( 1872, 542, 2 ),
( 1873, 543, 2 ),
( 1874, 544, 2 ),
( 1875, 545, 2 ),
( 1876, 546, 2 ),
( 1877, 547, 2 ),
( 1878, 548, 2 ),
( 1879, 549, 2 ),
( 1880, 550, 2 ),
( 1881, 551, 2 ),
( 1882, 552, 2 ),
( 1883, 553, 2 ),
( 1884, 554, 2 ),
( 1885, 555, 2 ),
( 1886, 556, 2 ),
( 1887, 557, 2 ),
( 1888, 558, 2 ),
( 1889, 559, 2 ),
( 1890, 560, 2 ),
( 1891, 561, 2 ),
( 1892, 562, 2 ),
( 1893, 563, 2 ),
( 1894, 564, 2 ),
( 1895, 565, 2 ),
( 1896, 566, 2 ),
( 1897, 567, 2 ),
( 1898, 568, 2 ),
( 1899, 569, 2 ),
( 1900, 570, 2 ),
( 1901, 571, 2 ),
( 1902, 572, 2 ),
( 1903, 573, 2 ),
( 1904, 574, 2 ),
( 1905, 575, 2 ),
( 1906, 576, 2 ),
( 1907, 577, 2 ),
( 1908, 578, 2 ),
( 1909, 579, 2 ),
( 1910, 580, 2 ),
( 1911, 581, 2 ),
( 1912, 582, 2 ),
( 1913, 583, 2 ),
( 1914, 584, 2 ),
( 1915, 585, 2 ),
( 1916, 586, 2 ),
( 1917, 587, 2 ),
( 1918, 588, 2 ),
( 1919, 589, 2 ),
( 1920, 590, 2 ),
( 1921, 591, 2 ),
( 1922, 592, 2 ),
( 1923, 593, 2 ),
( 1924, 594, 2 ),
( 1925, 595, 2 ),
( 1926, 596, 2 ),
( 1927, 597, 2 ),
( 1928, 598, 2 ),
( 1929, 599, 2 ),
( 1930, 600, 2 ),
( 1931, 601, 2 ),
( 1932, 602, 2 ),
( 1933, 603, 2 ),
( 1934, 604, 2 ),
( 1935, 605, 2 ),
( 1936, 606, 2 ),
( 1937, 607, 2 ),
( 1938, 608, 2 ),
( 1939, 609, 2 ),
( 1940, 610, 2 ),
( 1941, 611, 2 ),
( 1942, 612, 2 ),
( 1943, 613, 2 ),
( 1944, 614, 2 ),
( 1945, 615, 2 ),
( 1946, 616, 2 ),
( 1947, 617, 2 ),
( 1948, 618, 2 ),
( 1949, 619, 2 ),
( 1950, 620, 2 ),
( 1951, 621, 2 ),
( 1952, 622, 2 ),
( 1953, 623, 2 ),
( 1954, 624, 2 ),
( 1955, 625, 2 ),
( 1956, 626, 2 ),
( 1957, 627, 2 ),
( 1958, 628, 2 ),
( 1959, 629, 2 ),
( 1960, 630, 2 ),
( 1961, 631, 2 ),
( 1962, 632, 2 ),
( 1963, 633, 2 ),
( 1964, 634, 2 ),
( 1965, 635, 2 ),
( 1966, 636, 2 ),
( 1967, 637, 2 ),
( 1968, 638, 2 ),
( 1969, 639, 2 ),
( 1970, 640, 2 ),
( 1971, 641, 2 ),
( 1972, 642, 2 ),
( 1973, 643, 2 ),
( 1974, 644, 2 ),
( 1975, 645, 2 ),
( 1976, 646, 2 ),
( 1977, 647, 2 ),
( 1978, 648, 2 ),
( 1979, 649, 2 ),
( 1980, 650, 2 ),
( 1981, 651, 2 ),
( 1982, 652, 2 ),
( 1983, 653, 2 ),
( 1984, 654, 2 ),
( 1985, 655, 2 ),
( 1986, 656, 2 ),
( 1987, 657, 2 ),
( 1988, 658, 2 ),
( 1989, 659, 2 ),
( 1990, 660, 2 ),
( 1991, 661, 2 ),
( 1992, 662, 2 ),
( 1993, 663, 2 ),
( 1994, 664, 2 ),
( 1995, 665, 2 ),
( 1996, 666, 2 ),
( 1997, 667, 2 ),
( 1998, 668, 2 ),
( 1999, 669, 2 ),
( 2000, 670, 2 ),
( 2001, 671, 2 ),
( 2002, 672, 2 ),
( 2003, 673, 2 ),
( 2004, 674, 2 ),
( 2005, 675, 2 ),
( 2006, 676, 2 ),
( 2007, 677, 2 ),
( 2008, 678, 2 ),
( 2009, 679, 2 ),
( 2010, 680, 2 ),
( 2011, 681, 2 ),
( 2012, 682, 2 ),
( 2013, 683, 2 ),
( 2014, 684, 2 ),
( 2015, 685, 2 ),
( 2016, 686, 2 ),
( 2017, 687, 2 ),
( 2018, 688, 2 ),
( 2019, 689, 2 ),
( 2020, 690, 2 ),
( 2021, 691, 2 ),
( 2022, 692, 2 ),
( 2023, 693, 2 ),
( 2024, 694, 2 ),
( 2025, 695, 2 ),
( 2026, 696, 2 ),
( 2027, 697, 2 ),
( 2028, 698, 2 ),
( 2029, 699, 2 ),
( 2030, 700, 2 ),
( 2031, 701, 2 ),
( 2032, 702, 2 ),
( 2033, 703, 2 ),
( 2034, 704, 2 ),
( 2035, 705, 2 ),
( 2036, 706, 2 ),
( 2037, 707, 2 ),
( 2038, 708, 2 ),
( 2039, 709, 2 ),
( 2040, 710, 2 ),
( 2041, 711, 2 ),
( 2042, 712, 2 ),
( 2043, 713, 2 ),
( 2044, 714, 2 ),
( 2045, 715, 2 ),
( 2046, 716, 2 ),
( 2047, 717, 2 ),
( 2048, 718, 2 ),
( 2049, 719, 2 ),
( 2050, 720, 2 ),
( 2051, 721, 2 ),
( 2052, 722, 2 ),
( 2053, 723, 2 ),
( 2054, 724, 2 ),
( 2055, 725, 2 ),
( 2056, 726, 2 ),
( 2057, 727, 2 ),
( 2058, 728, 2 ),
( 2059, 729, 2 ),
( 2060, 730, 2 ),
( 2061, 731, 2 ),
( 2062, 732, 2 ),
( 2063, 733, 2 ),
( 2064, 734, 2 ),
( 2065, 735, 2 ),
( 2066, 736, 2 ),
( 2067, 737, 2 ),
( 2068, 738, 2 ),
( 2069, 739, 2 ),
( 2070, 740, 2 ),
( 2071, 741, 2 ),
( 2072, 742, 2 ),
( 2073, 743, 2 ),
( 2074, 744, 2 ),
( 2075, 745, 2 ),
( 2076, 746, 2 ),
( 2077, 747, 2 ),
( 2078, 748, 2 ),
( 2079, 749, 2 ),
( 2080, 750, 2 ),
( 2081, 751, 2 ),
( 2082, 752, 2 ),
( 2083, 753, 2 ),
( 2084, 754, 2 ),
( 2085, 755, 2 ),
( 2086, 756, 2 ),
( 2087, 757, 2 ),
( 2088, 758, 2 ),
( 2089, 759, 2 ),
( 2090, 760, 2 ),
( 2091, 761, 2 ),
( 2092, 762, 2 ),
( 2093, 763, 2 ),
( 2094, 764, 2 ),
( 2095, 765, 2 ),
( 2096, 766, 2 ),
( 2097, 767, 2 ),
( 2098, 768, 2 ),
( 2099, 769, 2 ),
( 2100, 770, 2 ),
( 2101, 771, 2 ),
( 2102, 772, 2 ),
( 2103, 773, 2 ),
( 2104, 774, 2 ),
( 2105, 775, 2 ),
( 2106, 776, 2 ),
( 2107, 777, 2 ),
( 2108, 778, 2 ),
( 2109, 779, 2 ),
( 2110, 780, 2 ),
( 2111, 781, 2 ),
( 2112, 782, 2 ),
( 2113, 783, 2 ),
( 2114, 784, 2 ),
( 2115, 785, 2 ),
( 2116, 786, 2 ),
( 2117, 787, 2 ),
( 2118, 788, 2 ),
( 2119, 789, 2 ),
( 2120, 790, 2 ),
( 2121, 791, 2 ),
( 2122, 792, 2 ),
( 2123, 793, 2 ),
( 2124, 794, 2 ),
( 2125, 795, 2 ),
( 2126, 796, 2 ),
( 2127, 797, 2 ),
( 2128, 798, 2 ),
( 2129, 799, 2 ),
( 2130, 800, 2 ),
( 2131, 801, 2 ),
( 2132, 802, 2 ),
( 2133, 803, 2 ),
( 2134, 804, 2 ),
( 2135, 805, 2 ),
( 2136, 806, 2 ),
( 2137, 807, 2 ),
( 2138, 808, 2 ),
( 2139, 809, 2 ),
( 2140, 810, 2 ),
( 2141, 811, 2 ),
( 2142, 812, 2 ),
( 2143, 813, 2 ),
( 2144, 814, 2 ),
( 2145, 815, 2 ),
( 2146, 816, 2 ),
( 2147, 817, 2 ),
( 2148, 818, 2 ),
( 2149, 819, 2 ),
( 2150, 820, 2 ),
( 2151, 821, 2 ),
( 2152, 822, 2 ),
( 2153, 823, 2 ),
( 2154, 824, 2 ),
( 2155, 825, 2 ),
( 2156, 826, 2 ),
( 2157, 827, 2 ),
( 2158, 828, 2 ),
( 2159, 829, 2 ),
( 2160, 830, 2 ),
( 2161, 831, 2 ),
( 2162, 832, 2 ),
( 2163, 833, 2 ),
( 2164, 834, 2 ),
( 2165, 835, 2 ),
( 2166, 836, 2 ),
( 2167, 837, 2 ),
( 2168, 838, 2 ),
( 2169, 839, 2 ),
( 2170, 840, 2 ),
( 2171, 841, 2 ),
( 2172, 842, 2 ),
( 2173, 843, 2 ),
( 2174, 844, 2 ),
( 2175, 845, 2 ),
( 2176, 846, 2 ),
( 2177, 847, 2 ),
( 2178, 848, 2 ),
( 2179, 849, 2 ),
( 2180, 850, 2 ),
( 2181, 851, 2 ),
( 2182, 852, 2 ),
( 2183, 853, 2 ),
( 2184, 854, 2 ),
( 2185, 855, 2 ),
( 2186, 856, 2 ),
( 2187, 857, 2 ),
( 2188, 858, 2 ),
( 2189, 859, 2 ),
( 2190, 860, 2 ),
( 2191, 861, 2 ),
( 2192, 862, 2 ),
( 2193, 863, 2 ),
( 2194, 864, 2 ),
( 2195, 865, 2 ),
( 2196, 866, 2 ),
( 2197, 867, 2 ),
( 2198, 868, 2 ),
( 2199, 869, 2 ),
( 2200, 870, 2 ),
( 2201, 871, 2 ),
( 2202, 872, 2 ),
( 2203, 873, 2 ),
( 2204, 874, 2 ),
( 2205, 875, 2 ),
( 2206, 876, 2 ),
( 2207, 877, 2 ),
( 2208, 878, 2 ),
( 2209, 879, 2 ),
( 2210, 880, 2 ),
( 2211, 881, 2 ),
( 2212, 882, 2 ),
( 2213, 883, 2 ),
( 2214, 884, 2 ),
( 2215, 885, 2 ),
( 2216, 886, 2 ),
( 2217, 887, 2 ),
( 2218, 888, 2 ),
( 2219, 889, 2 ),
( 2220, 890, 2 ),
( 2221, 891, 2 ),
( 2222, 892, 2 ),
( 2223, 893, 2 ),
( 2224, 894, 2 ),
( 2225, 895, 2 ),
( 2226, 896, 2 ),
( 2227, 897, 2 ),
( 2228, 898, 2 ),
( 2229, 899, 2 ),
( 2230, 900, 2 ),
( 2231, 901, 2 ),
( 2232, 902, 2 ),
( 2233, 903, 2 ),
( 2234, 904, 2 ),
( 2235, 905, 2 ),
( 2236, 906, 2 ),
( 2237, 907, 2 ),
( 2238, 908, 2 ),
( 2239, 909, 2 ),
( 2240, 910, 2 ),
( 2241, 911, 2 ),
( 2242, 912, 2 ),
( 2243, 913, 2 ),
( 2244, 914, 2 ),
( 2245, 915, 2 ),
( 2246, 916, 2 ),
( 2247, 917, 2 ),
( 2248, 918, 2 ),
( 2249, 919, 2 ),
( 2250, 920, 2 ),
( 2251, 921, 2 ),
( 2252, 922, 2 ),
( 2253, 923, 2 ),
( 2254, 924, 2 ),
( 2255, 925, 2 ),
( 2256, 926, 2 ),
( 2257, 927, 2 ),
( 2258, 928, 2 ),
( 2259, 929, 2 ),
( 2260, 930, 2 ),
( 2261, 931, 2 ),
( 2262, 932, 2 ),
( 2263, 933, 2 ),
( 2264, 934, 2 ),
( 2265, 935, 2 ),
( 2266, 936, 2 ),
( 2267, 937, 2 ),
( 2268, 938, 2 ),
( 2269, 939, 2 ),
( 2270, 940, 2 ),
( 2271, 941, 2 ),
( 2272, 942, 2 ),
( 2273, 943, 2 ),
( 2274, 944, 2 ),
( 2275, 945, 2 ),
( 2276, 946, 2 ),
( 2277, 947, 2 ),
( 2278, 948, 2 ),
( 2279, 949, 2 ),
( 2280, 950, 2 ),
( 2281, 951, 2 ),
( 2282, 952, 2 ),
( 2283, 953, 2 ),
( 2284, 954, 2 ),
( 2285, 955, 2 ),
( 2286, 956, 2 ),
( 2287, 957, 2 ),
( 2288, 958, 2 ),
( 2289, 959, 2 ),
( 2290, 960, 2 ),
( 2291, 961, 2 ),
( 2292, 962, 2 ),
( 2293, 963, 2 ),
( 2294, 964, 2 ),
( 2295, 965, 2 ),
( 2296, 966, 2 ),
( 2297, 967, 2 ),
( 2298, 968, 2 ),
( 2299, 969, 2 ),
( 2300, 970, 2 ),
( 2301, 971, 2 ),
( 2302, 972, 2 ),
( 2303, 973, 2 ),
( 2304, 974, 2 ),
( 2305, 975, 2 ),
( 2306, 976, 2 ),
( 2307, 977, 2 ),
( 2308, 978, 2 ),
( 2309, 979, 2 ),
( 2310, 980, 2 ),
( 2311, 981, 2 ),
( 2312, 982, 2 ),
( 2313, 983, 2 ),
( 2314, 984, 2 ),
( 2315, 985, 2 ),
( 2316, 986, 2 ),
( 2317, 987, 2 ),
( 2318, 988, 2 ),
( 2319, 989, 2 ),
( 2320, 990, 2 ),
( 2321, 991, 2 ),
( 2322, 992, 2 ),
( 2323, 993, 2 ),
( 2324, 994, 2 ),
( 2325, 995, 2 ),
( 2326, 996, 2 ),
( 2327, 997, 2 ),
( 2328, 998, 2 ),
( 2329, 999, 2 ),
( 2330, 1000, 2 ),
( 2331, 1001, 2 ),
( 2332, 1002, 2 ),
( 2333, 1003, 2 ),
( 2334, 1004, 2 ),
( 2335, 1005, 2 ),
( 2336, 1006, 2 ),
( 2337, 1007, 2 ),
( 2338, 1008, 2 ),
( 2339, 1009, 2 ),
( 2340, 1010, 2 ),
( 2341, 1011, 2 ),
( 2342, 1012, 2 ),
( 2343, 1013, 2 ),
( 2344, 1014, 2 ),
( 2345, 1015, 2 ),
( 2346, 1016, 2 ),
( 2347, 1017, 2 ),
( 2348, 1018, 2 ),
( 2349, 1019, 2 ),
( 2350, 1020, 2 ),
( 2351, 1021, 2 ),
( 2352, 1022, 2 ),
( 2353, 1023, 2 ),
( 2354, 1024, 2 ),
( 2355, 1025, 2 ),
( 2356, 1026, 2 ),
( 2357, 1027, 2 ),
( 2358, 1028, 2 ),
( 2359, 1029, 2 ),
( 2360, 1030, 2 ),
( 2361, 1031, 2 ),
( 2362, 1032, 2 ),
( 2363, 1033, 2 ),
( 2364, 1034, 2 ),
( 2365, 1035, 2 ),
( 2366, 1036, 2 ),
( 2367, 1037, 2 ),
( 2368, 1038, 2 ),
( 2369, 1039, 2 ),
( 2370, 1040, 2 ),
( 2371, 1041, 2 ),
( 2372, 1042, 2 ),
( 2373, 1043, 2 ),
( 2374, 1044, 2 ),
( 2375, 1045, 2 ),
( 2376, 1046, 2 ),
( 2377, 1047, 2 ),
( 2378, 1048, 2 ),
( 2379, 1049, 2 ),
( 2380, 1050, 2 ),
( 2381, 1051, 2 ),
( 2382, 1052, 2 ),
( 2383, 1053, 2 ),
( 2384, 1054, 2 ),
( 2385, 1055, 2 ),
( 2386, 1056, 2 ),
( 2387, 1057, 2 ),
( 2388, 1058, 2 ),
( 2389, 1059, 2 ),
( 2390, 1060, 2 ),
( 2391, 1061, 2 ),
( 2392, 1062, 2 ),
( 2393, 1063, 2 ),
( 2394, 1064, 2 ),
( 2395, 1065, 2 ),
( 2396, 1066, 2 ),
( 2397, 1067, 2 ),
( 2398, 1068, 2 ),
( 2399, 1069, 2 ),
( 2400, 1070, 2 ),
( 2401, 1071, 2 ),
( 2402, 1072, 2 ),
( 2403, 1073, 2 ),
( 2404, 1074, 2 ),
( 2405, 1075, 2 ),
( 2406, 1076, 2 ),
( 2407, 1077, 2 ),
( 2408, 1078, 2 ),
( 2409, 1079, 2 ),
( 2410, 1080, 2 ),
( 2411, 1081, 2 ),
( 2412, 1082, 2 ),
( 2413, 1083, 2 ),
( 2414, 1084, 2 ),
( 2415, 1085, 2 ),
( 2416, 1086, 2 ),
( 2417, 1087, 2 ),
( 2418, 1088, 2 ),
( 2419, 1089, 2 ),
( 2420, 1090, 2 ),
( 2421, 1091, 2 ),
( 2422, 1092, 2 ),
( 2423, 1093, 2 ),
( 2424, 1094, 2 ),
( 2425, 1095, 2 ),
( 2426, 1096, 2 ),
( 2427, 1097, 2 ),
( 2428, 1098, 2 ),
( 2429, 1099, 2 ),
( 2430, 1100, 2 ),
( 2431, 1101, 2 ),
( 2432, 1102, 2 ),
( 2433, 1103, 2 ),
( 2434, 1104, 2 ),
( 2435, 1105, 2 ),
( 2436, 1106, 2 ),
( 2437, 1107, 2 ),
( 2438, 1108, 2 ),
( 2439, 1109, 2 ),
( 2440, 1110, 2 ),
( 2441, 1111, 2 ),
( 2442, 1112, 2 ),
( 2443, 1113, 2 ),
( 2444, 1114, 2 ),
( 2445, 1115, 2 ),
( 2446, 1116, 2 ),
( 2447, 1117, 2 ),
( 2448, 1118, 2 ),
( 2449, 1119, 2 ),
( 2450, 1120, 2 ),
( 2451, 1121, 2 ),
( 2452, 1122, 2 ),
( 2453, 1123, 2 ),
( 2454, 1124, 2 ),
( 2455, 1125, 2 ),
( 2456, 1126, 2 ),
( 2457, 1127, 2 ),
( 2458, 1128, 2 ),
( 2459, 1129, 2 ),
( 2460, 1130, 2 ),
( 2461, 1131, 2 ),
( 2462, 1132, 2 ),
( 2463, 1133, 2 ),
( 2464, 1134, 2 ),
( 2465, 1135, 2 ),
( 2466, 1136, 2 ),
( 2467, 1137, 2 ),
( 2468, 1138, 2 ),
( 2469, 1139, 2 ),
( 2470, 1140, 2 ),
( 2471, 1141, 2 ),
( 2472, 1142, 2 ),
( 2473, 1143, 2 ),
( 2474, 1144, 2 ),
( 2475, 1145, 2 ),
( 2476, 1146, 2 ),
( 2477, 1147, 2 ),
( 2478, 1148, 2 ),
( 2479, 1149, 2 ),
( 2480, 1150, 2 ),
( 2481, 1151, 2 ),
( 2482, 1152, 2 ),
( 2483, 1153, 2 ),
( 2484, 1154, 2 ),
( 2485, 1155, 2 ),
( 2486, 1156, 2 ),
( 2487, 1157, 2 ),
( 2488, 1158, 2 ),
( 2489, 1159, 2 ),
( 2490, 1160, 2 ),
( 2491, 1161, 2 ),
( 2492, 1162, 2 ),
( 2493, 1163, 2 ),
( 2494, 1164, 2 ),
( 2495, 1165, 2 ),
( 2496, 1166, 2 ),
( 2497, 1167, 2 ),
( 2498, 1168, 2 ),
( 2499, 1169, 2 ),
( 2500, 1170, 2 ),
( 2501, 1171, 2 ),
( 2502, 1172, 2 ),
( 2503, 1173, 2 ),
( 2504, 1174, 2 ),
( 2505, 1175, 2 ),
( 2506, 1176, 2 ),
( 2507, 1177, 2 ),
( 2508, 1178, 2 ),
( 2509, 1179, 2 ),
( 2510, 1180, 2 ),
( 2511, 1181, 2 ),
( 2512, 1182, 2 ),
( 2513, 1183, 2 ),
( 2514, 1184, 2 ),
( 2515, 1185, 2 ),
( 2516, 1186, 2 ),
( 2517, 1187, 2 ),
( 2518, 1188, 2 ),
( 2519, 1189, 2 ),
( 2520, 1190, 2 ),
( 2521, 1191, 2 ),
( 2522, 1192, 2 ),
( 2523, 1193, 2 ),
( 2524, 1194, 2 ),
( 2525, 1195, 2 ),
( 2526, 1196, 2 ),
( 2527, 1197, 2 ),
( 2528, 1198, 2 ),
( 2529, 1199, 2 ),
( 2530, 1200, 2 ),
( 2531, 1201, 2 ),
( 2532, 1202, 2 ),
( 2533, 1203, 2 ),
( 2534, 1204, 2 ),
( 2535, 1205, 2 ),
( 2536, 1206, 2 ),
( 2537, 1207, 2 ),
( 2538, 1208, 2 ),
( 2539, 1209, 2 ),
( 2540, 1210, 2 ),
( 2541, 1211, 2 ),
( 2542, 1212, 2 ),
( 2543, 1213, 2 ),
( 2544, 1214, 2 ),
( 2545, 1215, 2 ),
( 2546, 1216, 2 ),
( 2547, 1217, 2 ),
( 2548, 1218, 2 ),
( 2549, 1219, 2 ),
( 2550, 1220, 2 ),
( 2551, 1221, 2 ),
( 2552, 1222, 2 ),
( 2553, 1223, 2 ),
( 2554, 1224, 2 ),
( 2555, 1225, 2 ),
( 2556, 1226, 2 ),
( 2557, 1227, 2 ),
( 2558, 1228, 2 ),
( 2559, 1229, 2 ),
( 2560, 1230, 2 ),
( 2561, 1231, 2 ),
( 2562, 1232, 2 ),
( 2563, 1233, 2 ),
( 2564, 1234, 2 ),
( 2565, 1235, 2 ),
( 2566, 1236, 2 ),
( 2567, 1237, 2 ),
( 2568, 1238, 2 ),
( 2569, 1239, 2 ),
( 2570, 1240, 2 ),
( 2571, 1241, 2 ),
( 2572, 1242, 2 ),
( 2573, 1243, 2 ),
( 2574, 1244, 2 ),
( 2575, 1245, 2 ),
( 2576, 1246, 2 ),
( 2577, 1247, 2 ),
( 2578, 1248, 2 ),
( 2579, 1249, 2 ),
( 2580, 1250, 2 ),
( 2581, 1251, 2 ),
( 2582, 1252, 2 ),
( 2583, 1253, 2 ),
( 2584, 1254, 2 ),
( 2585, 1255, 2 ),
( 2586, 1256, 2 ),
( 2587, 1257, 2 ),
( 2588, 1258, 2 ),
( 2589, 1259, 2 ),
( 2590, 1260, 2 ),
( 2591, 1261, 2 ),
( 2592, 1262, 2 ),
( 2593, 1263, 2 ),
( 2594, 1264, 2 ),
( 2595, 1265, 2 ),
( 2596, 1266, 2 ),
( 2597, 1267, 2 ),
( 2598, 1268, 2 ),
( 2599, 1269, 2 ),
( 2600, 1270, 2 ),
( 2601, 1271, 2 ),
( 2602, 1272, 2 ),
( 2603, 1273, 2 ),
( 2604, 1274, 2 ),
( 2605, 1275, 2 ),
( 2606, 1276, 2 ),
( 2607, 1277, 2 ),
( 2608, 1278, 2 ),
( 2609, 1279, 2 ),
( 2610, 1280, 2 ),
( 2611, 1281, 2 ),
( 2612, 1282, 2 ),
( 2613, 1283, 2 ),
( 2614, 1284, 2 ),
( 2615, 1285, 2 ),
( 2616, 1286, 2 ),
( 2617, 1287, 2 ),
( 2618, 1288, 2 ),
( 2619, 1289, 2 ),
( 2620, 1290, 2 ),
( 2621, 1291, 2 ),
( 2622, 1292, 2 ),
( 2623, 1293, 2 ),
( 2624, 1294, 2 ),
( 2625, 1295, 2 ),
( 2626, 1296, 2 ),
( 2627, 1297, 2 ),
( 2628, 1298, 2 ),
( 2629, 1299, 2 ),
( 2630, 1300, 2 ),
( 2631, 1301, 2 ),
( 2632, 1302, 2 ),
( 2633, 1303, 2 ),
( 2634, 1304, 2 ),
( 2635, 1305, 2 ),
( 2636, 1306, 2 ),
( 2637, 1307, 2 ),
( 2638, 1308, 2 ),
( 2639, 1309, 2 ),
( 2640, 1310, 2 ),
( 2641, 1311, 2 ),
( 2642, 1312, 2 ),
( 2643, 1313, 2 ),
( 2644, 1314, 2 ),
( 2645, 1315, 2 ),
( 2646, 1316, 2 ),
( 2647, 1317, 2 ),
( 2648, 1318, 2 ),
( 2649, 1319, 2 ),
( 2650, 1320, 2 ),
( 2651, 1321, 2 ),
( 2652, 1322, 2 ),
( 2653, 1323, 2 ),
( 2654, 1324, 2 ),
( 2655, 1325, 2 ),
( 2656, 1326, 2 ),
( 2657, 1327, 2 ),
( 2658, 1328, 2 ),
( 2659, 1329, 2 ),
( 2660, 1330, 2 );




/*!40111 SET SQL_NOTES=@OLD_SQL_NOTES */;
/*!40101 SET SQL_MODE=@OLD_SQL_MODE */;